AAPL,TXN,QCOM,INTC,HON,GOOG,AVGO,DUK,CMS
0.929103488,0.963625072,0.834869315,0.913135642,0.979869931,0.949029832,0.926059279,0.972192251,0.971428742
0.940162998,0.967529758,0.84924451,0.934322189,1,0.962727799,0.911544074,1,1
0.916647238,0.968968311,0.867305625,0.928495865,0.987286306,0.962055014,0.922399481,0.934024031,0.920346487
0.942956828,0.967118804,0.796535326,0.919491733,0.966732685,0.96829831,0.922089208,0.880043758,0.889177566
0.973573879,0.969379408,0.797641039,0.957627169,0.960164051,0.976883213,0.926307458,0.920392622,0.890043281
0.981722854,0.997944945,0.830446056,0.978813717,0.990252805,1,0.968240213,0.898582693,0.87705644
0.995809081,0.997122914,0.779211255,0.9830509,0.992583625,0.982453724,0.961540957,0.905670917,0.858008732
1,1,0.720973209,0.978813717,0.96355442,0.962458749,1,0.824427824,0.783549765
0.983352656,0.988491615,0.694802952,0.959745867,0.950205069,0.980166321,0.975870081,0.859869162,0.790476345
0.976833472,0.964036169,0.437891718,1,0.959528415,0.961597402,0.888220396,0.862050243,0.789610371
0.956460948,0.954993773,0.387025476,0.979343272,0.949357328,0.96138223,0.886917803,0.823882459,0.785281453
0.905355027,0.961981114,0.296719495,0.914724784,0.933041817,0.937538784,0.915576045,0.848418833,0.811255395
0.891152444,0.949034053,0.431256996,0.855402588,0.943212565,0.938803539,0.898951809,0.837513869,0.761904741
0.916181476,0.978627189,0.427939634,0.85699173,0.976267796,0.944616492,0.847279968,0.828789548,0.796536952
0.889173423,0.950883703,0.399557729,0.695444899,0.968639635,0.818913361,0.790583736,0.796619639,0.774025954
0.846449353,0.944101911,0.401032149,0.665254273,0.971818217,0.820985589,0.803362175,0.817884584,0.77662353
0.780791629,0.956843424,0.416144572,0.674258616,0.974572612,0.813477208,0.814899835,0.830970628,0.815584313
0.769150187,0.952116687,0.384445306,0.667902737,0.97033482,0.80785282,0.793747368,0.806434254,0.79740258
0.777182806,0.930949425,0.333947733,0.646716189,0.9582571,0.861002802,0.793561281,0.827699199,0.794805264
0.766356171,0.895396547,0.343899854,0.628707713,0.921599416,0.850911033,0.793871361,0.823337039,0.795670978
0.76728751,0.894985594,0.340951014,0.63718229,0.917785494,0.873408912,0.792072509,0.779171435,0.762770715
0.764144274,0.912248171,0.348322965,0.612817935,0.917573411,0.871713482,0.783512214,0.80479854,0.762770715
0.808148914,0.911426264,0.347217215,0.611228793,0.924354128,0.871229096,0.808634745,0.784078524,0.728138591
0.816414408,0.898273633,0.363435389,0.606461844,0.916302096,0.864985636,0.816636786,0.765540025,0.73939409
0.809546004,0.87833954,0.370070111,0.581038166,0.912488175,0.860007094,0.821475184,0.77535464,0.754978507
0.775902235,0.88347723,0.411352792,0.586864438,0.902529193,0.863828465,0.831772244,0.743729661,0.722943612
0.764377149,0.873407234,0.402137899,0.605402733,0.915030803,0.819020947,0.804416688,0.711014386,0.692640753
0.770779977,0.856966728,0.365647,0.616525562,0.921175863,0.830862021,0.807083973,0.658124462,0.647619104
0.763212935,0.852239971,0.351271804,0.604343358,0.921599416,0.835948312,0.802865915,0.648309792,0.6320346
0.762514472,0.847924332,0.346111317,0.599046642,0.909945567,0.811916466,0.790025477,0.629225928,0.651948022
0.756228175,0.834566317,0.331736122,0.588983135,0.898927058,0.762722379,0.77966633,0.639040543,0.648485078
0.757275858,0.823263481,0.333947733,0.591101832,0.901469665,0.779165194,0.764158606,0.605234483,0.603463342
0.735040668,0.817303761,0.32878743,0.573093357,0.901257899,0.767001362,0.770175609,0.633042723,0.642424125
0.74668211,0.817098192,0.327313011,0.522245949,0.881763785,0.782717516,0.783015955,0.609051278,0.633766289
0.738882367,0.817303761,0.32399565,0.509004423,0.857184158,0.756855717,0.785497246,0.627590213,0.636363518
0.742491179,0.80004104,0.316623699,0.4936442,0.835783093,0.743373087,0.770857955,0.610142009,0.62597408
0.732712415,0.777229675,0.301142754,0.489936573,0.849979867,0.690546028,0.750325741,0.658124462,0.68744586
0.74377175,0.773119585,0.319203869,0.473517027,0.862057607,0.680077462,0.739408248,0.675572612,0.701298589
0.731082613,0.788943609,0.336527903,0.474576349,0.881975571,0.700422624,0.762545834,0.627044848,0.646753389
0.700931324,0.743321044,0.334316292,0.475635724,0.863117135,0.71097184,0.769617356,0.676663397,0.697835645
0.71653081,0.738799856,0.33247335,0.468750078,0.817136422,0.708630564,0.785311166,0.678844041,0.698701359
0.733992973,0.758939519,0.344268376,0.477224655,0.797218458,0.682338091,0.827802273,0.721374367,0.726406903
0.765192132,0.74517053,0.342425434,0.46504245,0.795523273,0.664011444,0.828174533,0.725736145,0.747186298
0.79615824,0.71845448,0.340213823,0.46504245,0.822645528,0.678247507,0.832702763,0.79334821,0.767965348
0.795459777,0.686600904,0.314043566,0.437500076,0.785776396,0.691218812,0.810371604,0.804253174,0.76969695
0.809546004,0.674475873,0.296719495,0.429555266,0.800396723,0.718076486,0.80596746,0.764449294,0.7359308
0.790919626,0.678380559,0.292665089,0.416843295,0.816924339,0.709949194,0.811550203,0.792257479,0.786147427
0.806868344,0.664611591,0.280501358,0.399894142,0.823705056,0.701902718,0.815272094,0.850054493,0.874458777
0.820954571,0.64734887,0.246221922,0.369173748,0.793404536,0.694959535,0.792754855,0.819520299,0.836363709
0.828405082,0.660090403,0.273498077,0.387711991,0.783021684,0.720390825,0.807890406,0.795528854,0.819047603
0.794994201,0.661528956,0.276078247,0.399364375,0.771791388,0.698484921,0.825445161,0.776444989,0.794805264
0.825611078,0.657007748,0.260597154,0.360169564,0.770943647,0.700207287,0.823398129,0.799346085,0.816450287
0.83317812,0.671187834,0.335053483,0.363877191,0.794675851,0.724131547,0.846225455,0.781897444,0.815584313
0.835157142,0.676942026,0.343162625,0.362817869,0.808236967,0.729486886,0.842131484,0.79334821,0.825974184
0.858090795,0.666461097,0.337633653,0.353283917,0.8033632,0.703221349,0.804602774,0.792257479,0.8285715
0.857508688,0.640156145,0.326207261,0.344809393,0.794675851,0.680938645,0.777991471,0.804253174,0.843290289
0.84994182,0.634607501,0.326207261,0.340572211,0.778571787,0.660808984,0.787420192,0.799891014,0.833766393
0.844819562,0.639128689,0.334316292,0.341631321,0.777512577,0.666406598,0.801935396,0.789531415,0.822510894
0.82805585,0.644677333,0.351271804,0.343750018,0.771579283,0.680911871,0.860616666,0.764449294,0.808658079
0.809313128,0.637279038,0.341688243,0.341101766,0.76882491,0.696305104,0.872216505,0.770447115,0.829437474
0.802444712,0.634401952,0.346111317,0.340572211,0.779207444,0.69008858,0.861485092,0.752453981,0.801731498
0.810710043,0.616728278,0.33247335,0.354872847,0.75102598,0.641567278,0.826933841,0.754089696,0.803463186
0.80838179,0.61837238,0.330261703,0.359639797,0.737888415,0.65235877,0.825383068,0.743184295,0.79740258
0.778463376,0.622071537,0.343162625,0.368114373,0.756958956,0.653193014,0.810371604,0.715376546,0.765368032
0.781839313,0.669543732,0.381496614,0.402012839,0.804210962,0.696197518,0.850505599,0.739367555,0.780086474
0.786030244,0.659062803,0.402137899,0.412076346,0.790225954,0.683441385,0.852180458,0.77099248,0.758441451
0.822002254,0.661118002,0.390342837,0.430084822,0.808236967,0.68465243,0.834935882,0.729007956,0.732467509
0.829569296,0.637279038,0.359749468,0.405190699,0.77263881,0.66236989,0.793127022,0.706106861,0.719480668
0.809196772,0.626387176,0.345742795,0.419491548,0.786412032,0.643128184,0.771664388,0.743729661,0.734199198
0.781606437,0.665844595,0.36159241,0.443326348,0.823705056,0.685271502,0.824142469,0.73336968,0.725541275
0.75646105,0.669338183,0.343899854,0.433792449,0.816712552,0.695739906,0.837727254,0.75517999,0.729004219
0.823282824,0.663583991,0.359012277,0.434851771,0.822857633,0.70265615,0.844426596,0.736641491,0.709090884
0.811874257,0.648376469,0.356063438,0.427966124,0.845741757,0.698888656,0.824142469,0.748637186,0.695238069
0.797089579,0.646937937,0.368227169,0.438029843,0.835571009,0.687289855,0.831089898,0.750272901,0.694372354
0.7689173,0.645910337,0.376336164,0.4459746,0.817772079,0.705428104,0.850133432,0.708287941,0.661471832
0.759371411,0.654130662,0.385182534,0.430614377,0.781538286,0.70661221,0.819304065,0.677208327,0.661471832
0.777648382,0.64734887,0.377073392,0.384004364,0.762679828,0.705724088,0.808572752,0.674482317,0.626840054
0.695110602,0.633579901,0.365647,0.375529787,0.776876602,0.735407422,0.831586158,0.663031988,0.6320346
0.679743817,0.63892314,0.351271804,0.357521311,0.780902629,0.715385348,0.835183962,0.670665523,0.683116856
0.688707774,0.670982285,0.375230414,0.345868715,0.81289863,0.752280749,0.872774765,0.637949812,0.651948022
0.70104768,0.647554418,0.380022195,0.341631321,0.786623819,0.760085115,0.855964349,0.603053458,0.619913474
0.734807967,0.63789554,0.378179253,0.332627189,0.796371035,0.839850495,0.848086401,0.643402703,0.639826809
0.726426105,0.653925113,0.401032149,0.344809393,0.767553595,0.819882131,0.84858266,0.678844041,0.670995729
0.718859063,0.674270469,0.40582393,0.345868715,0.737888415,0.807045511,0.850567599,0.664122282,0.657142914
0.697671731,0.663378607,0.509399245,0.335805208,0.763315486,0.814419206,0.856584602,0.632497303,0.626840054
0.698486539,0.663378607,0.49133813,0.334216119,0.742973948,0.799644881,0.834749795,0.623773418,0.614718495
0.706402813,0.653103226,0.497604183,0.331038259,0.744457049,0.767404933,0.823212043,0.615049153,0.606060659
0.695459834,0.660090403,0.510505106,0.342161088,0.756535086,0.774321177,0.831089898,0.604689118,0.597402822
0.689406237,0.630086313,0.489126519,0.318856108,0.745940447,0.75055838,0.812604722,0.579062449,0.580086717
0.683352629,0.629675216,0.488020769,0.319385663,0.734074493,0.741597008,0.807083973,0.612323089,0.609523949
0.668568126,0.599260173,0.455952981,0.301906743,0.722420327,0.704620794,0.772780894,0.568702414,0.568831218
0.644936009,0.593916934,0.467379337,0.287606106,0.732379309,0.701149121,0.778239644,0.56924778,0.57056282
0.642491237,0.587751788,0.456690025,0.299788257,0.720301272,0.673672704,0.764902946,0.581788458,0.584415635
0.637019747,0.554459515,0.436048777,0.286546731,0.704409313,0.64164809,0.736492784,0.570338129,0.580086717
0.62677522,0.555487115,0.460376092,0.324152613,0.713520872,0.655157658,0.715216236,0.574700289,0.589610527
0.609895163,0.545211734,0.441946308,0.277542388,0.711613922,0.620145922,0.703740483,0.575790638,0.606060659
0.625727525,0.555898048,0.451898391,0.292373056,0.702714128,0.647137953,0.724148697,0.591057708,0.627705682
0.61885912,0.555281566,0.446738088,0.281779782,0.682160825,0.671519661,0.730289694,0.615049153,0.634632263
0.624912717,0.579120366,0.486546349,0.316737411,0.717123007,0.732608533,0.773773413,0.666303362,0.658008542
0.620954498,0.556309001,0.459638864,0.287606106,0.695085988,0.697193226,0.738291735,0.706106861,0.694372354
0.645983704,0.584258056,0.501290214,0.309851764,0.723267771,0.764310224,0.784318647,0.7606325,0.741125692
0.621536605,0.610357604,0.514191026,0.316207644,0.717546877,0.800156205,0.79988837,0.720283636,0.719480668
0.645867348,0.599465721,0.497972853,0.325211988,0.719242062,0.777281529,0.792320589,0.73773184,0.746320324
0.651222318,0.61220709,0.49281255,0.336864584,0.723055984,0.783632575,0.799019938,0.75354433,0.754112533
0.643655451,0.610152055,0.509767915,0.35169504,0.737040992,0.759896716,0.767198151,0.772083265,0.780952449
0.64644928,0.648170921,0.539992762,0.386122849,0.756746852,0.778034962,0.774393666,0.77099248,0.775757556
0.63643764,0.612823592,0.510873665,0.37023307,0.731108016,0.73069793,0.743998565,0.78462389,0.80086587
0.65192077,0.620632984,0.514928218,0.375529787,0.727717646,0.737506427,0.754791972,0.774263909,0.786147427
0.604540193,0.622277086,0.517876909,0.387182224,0.722844197,0.760246578,0.770609776,0.73991292,0.756710195
0.628055778,0.639334094,0.537412592,0.405720466,0.726022462,0.767351221,0.785497246,0.71973827,0.716017378
0.638183961,0.640567242,0.53556965,0.397775498,0.702078492,0.739094268,0.783822387,0.701745137,0.694372354
0.65483113,0.637484607,0.519351329,0.396716123,0.713308767,0.757743838,0.787978445,0.707197592,0.690909151
0.641210666,0.7081791,0.558791068,0.437500076,0.708223553,0.848112145,0.85999632,0.688658656,0.685714172
0.682654178,0.678380559,0.537043922,0.425847427,0.690636409,0.841465111,0.855840262,0.727371805,0.737662402
0.752619351,0.664611591,0.561739907,0.418961993,0.691060279,0.82970485,0.853234977,0.712104735,0.720346383
0.757042982,0.657829799,0.586067223,0.430084822,0.706952238,0.848838806,0.842999917,0.713195466,0.720346383
0.746332879,0.65248656,0.57574658,0.429025499,0.718394321,0.827094362,0.857391035,0.73773184,0.761039114
0.740279282,0.649609474,0.577220853,0.418432226,0.706104498,0.803816113,0.733701412,0.744275081,0.751515217
0.757974321,0.670160234,0.527460471,0.41790267,0.696357599,0.798191561,0.764034519,0.705016511,0.728138591
0.7315482,0.659473901,0.530040641,0.421610245,0.695085988,0.827847959,0.766143638,0.690294807,0.734199198
0.726658818,0.642005795,0.536675363,0.425847427,0.701866705,0.815979948,0.774765932,0.671755872,0.728138591
0.737252565,0.635224003,0.5709548,0.425847427,0.712461345,0.81078607,0.772594814,0.675572612,0.728138591
0.736554114,0.620016482,0.577958044,0.418432226,0.678346585,0.771549391,0.764778952,0.651036238,0.677056336
0.739580819,0.612618187,0.599336668,0.404661144,0.672201843,0.755025761,0.745797418,0.629771293,0.664069148
0.733410866,0.626592725,0.601548168,0.399894142,0.671989738,0.736295379,0.757211177,0.618865893,0.646753389
0.738766011,0.625154172,0.542204225,0.380296789,0.662666413,0.715170011,0.73066196,0.579062449,0.610389577
0.740977908,0.603164858,0.48507193,0.370762837,0.641901005,0.705024365,0.752744946,0.572519209,0.584415635
0.730151286,0.591861878,0.457058731,0.361228939,0.631730237,0.67644449,0.712548858,0.546892104,0.567965504
0.724097677,0.665639046,0.478805877,0.402542447,0.675591894,0.739363317,0.771478208,0.565431039,0.54632048
0.697438856,0.650842622,0.458533151,0.39247894,0.674956237,0.723431824,0.761243148,0.590512779,0.580952345
0.758207196,0.633168948,0.455584311,0.387182224,0.664573682,0.710352768,0.742199713,0.585060269,0.566233902
0.760884682,0.627209227,0.431994187,0.395656801,0.673261053,0.705993138,0.711990599,0.558887799,0.53679667
0.765541363,0.629058714,0.455952981,0.412605901,0.669871001,0.701095408,0.713479377,0.53053463,0.535064981
0.740512158,0.607685902,0.449318258,0.431673752,0.673473157,0.710218244,0.695676542,0.510360035,0.510822728
0.732479539,0.607891451,0.429782576,0.440678095,0.656945541,0.715950382,0.674710068,0.554525639,0.56103901
0.740977908,0.611385039,0.441209079,0.455508552,0.662878518,0.696654966,0.68320827,0.55779745,0.557575719
0.729569179,0.604603411,0.440471888,0.457097429,0.658428621,0.708845736,0.664288828,0.536532069,0.530736063
0.682421477,0.614262145,0.424990943,0.463983128,0.655674227,0.696412691,0.673593462,0.50654324,0.517748963
0.654132679,0.603575812,0.380759423,0.46345352,0.658216835,0.667886689,0.67700518,0.525627105,0.547186195
0.660302632,0.604397863,0.392185779,0.428495891,0.652071774,0.657471997,0.651386483,0.508178955,0.532467752
0.665541246,0.602137259,0.397346266,0.420021368,0.657157307,0.639683613,0.648222851,0.53162498,0.554112775
0.654714786,0.635429552,0.377810584,0.487817875,0.630458943,0.554347557,0.662365883,0.553435344,0.561904984
0.620605267,0.641800247,0.371544531,0.461334823,0.635120606,0.547565835,0.653619508,0.537077434,0.550649485
0.622235057,0.667488697,0.370070111,0.458156804,0.61816912,0.549099805,0.663048229,0.54198496,0.563636239
0.620954498,0.641183744,0.36306683,0.451800924,0.628551654,0.523426405,0.650890223,0.53598714,0.560173295
0.630849794,0.615084196,0.351640326,0.429025499,0.571128901,0.470760806,0.628683156,0.51581249,0.535930696
0.620488911,0.634607501,0.357537857,0.421610245,0.500992283,0.466616512,0.632094874,0.505997875,0.503896148
0.604540193,0.606041965,0.355694916,0.407309397,0.479167348,0.457358991,0.603684712,0.523446025,0.531601691
0.606519215,0.610974106,0.357906379,0.399894142,0.486371787,0.453618269,0.600397081,0.551254264,0.579220743
0.586030171,0.592683929,0.366015521,0.384533972,0.493787992,0.454560102,0.605173392,0.555071004,0.56709953
0.592083768,0.574599157,0.362329638,0.372351768,0.474081963,0.41793375,0.589355588,0.536532069,0.537662298
0.599417935,0.587751788,0.384445306,0.39247894,0.487855037,0.419979039,0.576204976,0.546892104,0.56709953
0.590337622,0.606864016,0.456690025,0.398305265,0.517308112,0.417368552,0.62800081,0.514722141,0.545454506
0.599068703,0.621660419,0.499815794,0.401483072,0.515612928,0.421082334,0.630916269,0.526172525,0.54025996
0.597089681,0.629880764,0.49244388,0.413665276,0.511586922,0.420920873,0.632342954,0.518538935,0.515151646
0.615017421,0.621043917,0.500184353,0.413665276,0.502263746,0.429559487,0.627690637,0.536532069,0.528138401
0.616996443,0.620632984,0.497972853,0.423728942,0.496754491,0.439059119,0.625395525,0.55179963,0.541991216
0.620721798,0.631319297,0.505713325,0.426906802,0.509679951,0.447563207,0.636747191,0.52453681,0.511688356
0.624912717,0.626387176,0.499078603,0.420550923,0.512858385,0.458273887,0.635754672,0.51799357,0.504762122
0.633643799,0.630497267,0.530040641,0.415783973,0.524300617,0.43408058,0.636747191,0.504907526,0.496969913
0.621187374,0.640361693,0.524880338,0.39883482,0.535742848,0.439301394,0.643446441,0.50654324,0.487446016
0.620721798,0.629058714,0.530777869,0.389300921,0.533412006,0.439059119,0.651324396,0.527262819,0.503896148
0.623864859,0.631524866,0.531515061,0.390889798,0.532988136,0.410829105,0.649091277,0.555071004,0.53333338
0.626076756,0.629880764,0.504976134,0.379766969,0.51646052,0.407034672,0.637305445,0.547437469,0.528138401
0.622351588,0.631113748,0.514559548,0.367584818,0.522181562,0.393363644,0.636809185,0.558342434,0.543722904
0.5883586,0.63275785,0.510505106,0.37341109,0.53807352,0.401840794,0.623720666,0.541439595,0.528138401
0.585564584,0.633168948,0.518982807,0.378707647,0.537649798,0.434161392,0.627194378,0.545801755,0.535930696
0.588824176,0.613851192,0.510136437,0.361228939,0.541040168,0.436502669,0.61851009,0.541439595,0.520346192
0.594644897,0.651664509,0.547364675,0.381885666,0.558839077,0.484781696,0.650890223,0.459651136,0.454545494
0.576251395,0.664200493,0.537781114,0.37341109,0.572824085,0.494792653,0.650517963,0.49563784,0.494372251
0.595110659,0.654130662,0.567268732,0.366525443,0.555872599,0.485804342,0.657837658,0.483642581,0.46666662
0.577997716,0.656391266,0.573534933,0.364406746,0.568798059,0.481552298,0.679982638,0.50436216,0.519480564
0.586146691,0.641389129,0.562477099,0.36864414,0.542099526,0.477300254,0.670181838,0.442748352,0.452813892
0.583469217,0.639950596,0.571323322,0.367584818,0.563712674,0.477084917,0.68320827,0.442748352,0.449350602
0.566356274,0.625770674,0.577958044,0.407309397,0.570281308,0.470922269,0.682588017,0.430207237,0.445021597
0.568800883,0.601109659,0.553262206,0.402542447,0.552270443,0.458623748,0.65566654,0.398037328,0.408658131
0.56810242,0.605425298,0.545890256,0.391949173,0.560746027,0.449716086,0.640903249,0.412759087,0.404328866
0.562747287,0.600904275,0.507556304,0.401483072,0.553753692,0.440404688,0.638546044,0.487459321,0.470995625
0.56647263,0.584258056,0.497235661,0.389300921,0.549939622,0.429290437,0.630420009,0.497273991,0.46320333
0.572526226,0.575010275,0.496866992,0.406779841,0.552694165,0.432788885,0.632777214,0.499455071,0.458874412
0.570430674,0.579531463,0.494286822,0.407309397,0.555236942,0.436960117,0.626387945,0.523991445,0.477922119
0.575552943,0.580970016,0.517876909,0.408368719,0.574731035,0.449366224,0.61305134,0.500545365,0.444155969
0.566007054,0.549527374,0.498341412,0.42266962,0.51646052,0.416991916,0.586936296,0.534351425,0.477922119
0.575669288,0.561241286,0.507556304,0.439088953,0.524724317,0.433327145,0.601513594,0.496728625,0.458874412
0.543073389,0.562268742,0.52561753,0.440148328,0.527690816,0.431604779,0.583462578,0.50218108,0.491774934
0.542374763,0.560213687,0.52266869,0.421610245,0.523241089,0.438843946,0.584765271,0.444929432,0.449350602
0.539231701,0.562063337,0.521194271,0.415783973,0.527902752,0.437309978,0.606972343,0.388222713,0.412121075
0.537718256,0.558980703,0.508293495,0.43961872,0.520910247,0.439731903,0.598225962,0.345692333,0.393073714
0.544470315,0.545828216,0.497604183,0.437500076,0.517731834,0.430070808,0.583710758,0.305888889,0.365368084
0.539697278,0.541923531,0.513085276,0.433792449,0.50925625,0.419548366,0.5698778,0.335332789,0.354112585
0.528288711,0.530004048,0.498710081,0.414724598,0.511798858,0.405608288,0.556293108,0.21973827,0.326406955
0.523981435,0.529387546,0.461481842,0.408368719,0.497814019,0.409564348,0.552199051,0.288440685,0.327272669
0.525843938,0.526921414,0.441209079,0.401483072,0.497814019,0.406308011,0.560759345,0.323882404,0.357575875
0.520139736,0.519523284,0.40692968,0.377118717,0.46030889,0.391318352,0.55337765,0.291712059,0.34025977
0.499999913,0.52240037,0.365647,0.383474597,0.435093776,0.380257814,0.552261044,0.272628195,0.323809725
0.486379448,0.535758241,0.366015521,0.432203519,0.415387726,0.377082289,0.561875852,0.321155959,0.33766254
0.489871916,0.540484977,0.380022195,0.430614377,0.415175791,0.373287693,0.555796855,0.272628195,0.303895957
0.48544811,0.541307028,0.365647,0.426377194,0.407123759,0.358136735,0.559828826,0.26281358,0.298701411
0.479511044,0.547061221,0.36933292,0.43961872,0.403945494,0.358540306,0.557347627,0.26717574,0.313419854
0.465075586,0.534525236,0.357537857,0.448093297,0.378518276,0.350574641,0.544259102,0.274809275,0.325540981
0.450989545,0.542334484,0.37559912,0.43961872,0.378730211,0.342945205,0.542025984,0.25136325,0.270129807
0.444586717,0.527332511,0.385919726,0.455508552,0.38551078,0.345891923,0.516035027,0.315703504,0.311688166
0.447147846,0.575832326,0.392554485,0.487288108,0.402250331,0.360773996,0.539110526,0.238277206,0.263203573
0.36100115,0.578503864,0.41577605,0.516949233,0.387629665,0.417260966,0.554556256,0.228462536,0.240692575
0.364260742,0.60378136,0.408772622,0.494703522,0.378094554,0.441050698,0.545003442,0.238277206,0.256276992
0.367986003,0.589806843,0.513822504,0.507415281,0.376187434,0.450523395,0.534520208,0.236096126,0.243290151
0.367869647,0.558980703,0.443789249,0.497881382,0.377882619,0.418767995,0.50517962,0.24154858,0.257142966
0.367171102,0.531237197,0.439366138,0.452860246,0.366228621,0.406496412,0.463308766,0.23336968,0.284848596
0.344935994,0.51109739,0.734242691,0.461864431,0.374916141,0.368040105,0.463805026,0.249727535,0.288311886
0.346216564,0.493218167,0.791743656,0.442267026,0.376823261,0.36038373,0.429563947,0.238277206,0.270995781
0.345285226,0.503493547,0.817176574,0.452330479,0.380001525,0.370865765,0.426214316,0.258996785,0.276190414
0.342724097,0.505754151,0.782528763,0.454449177,0.36241453,0.366936644,0.389554038,0.256815705,0.277056388
0.345168788,0.51623508,0.88168082,0.453919621,0.38021346,0.37573672,0.397866153,0.243184295,0.25454539
0.345285226,0.513152425,0.853667769,0.449682227,0.370890114,0.371646136,0.388003266,0.261177865,0.251082446
0.334109453,0.520345171,0.852930393,0.462394198,0.378942146,0.375817368,0.391476977,0.23718642,0.255411364
0.336554144,0.508014735,0.835606359,0.440678095,0.375551777,0.36742103,0.398610586,0.204471146,0.217315863
0.342374865,0.502671496,0.836343734,0.444385723,0.369195099,0.372426671,0.376279427,0.212104681,0.223376816
0.334924354,0.498766975,0.831920475,0.437500076,0.389960507,0.371081102,0.373922222,0.25845142,0.27272747
0.333527346,0.473489457,0.832657814,0.430614377,0.352455548,0.338437583,0.359593104,0.272628195,0.258874654
0.320954658,0.485203391,0.829708975,0.433792449,0.346946293,0.319276689,0.376899773,0.26717574,0.238960886
0.305820748,0.487053042,0.827128842,0.443855903,0.340165724,0.3172314,0.384777628,0.271537845,0.219047551
0.29895225,0.474517057,0.819756744,0.426377194,0.33317322,0.278694277,0.375038827,0.265540025,0.22683976
0.300465696,0.498766975,0.850718929,0.447033975,0.336351654,0.308215987,0.394268349,0.287349954,0.239826861
0.296623997,0.496711919,0.840029617,0.445445045,0.331054335,0.314297986,0.396253381,0.23336968,0.19913413
0.307217744,0.513563543,0.895318971,0.468750078,0.35817659,0.331790385,0.409403906,0.257906436,0.232900366
0.307566976,0.503493547,0.880943776,0.46345352,0.357328997,0.327376878,0.407108788,0.265540025,0.233766341
0.313387697,0.49979441,0.877257856,0.461334823,0.355845748,0.331010014,0.398796673,0.273718544,0.224242444
0.304772972,0.499177908,0.892001757,0.463983128,0.361778725,0.339890739,0.409279813,0.231733965,0.221645127
0.302095486,0.496506371,0.882786865,0.476165279,0.372585299,0.344896216,0.40791522,0.25081783,0.234631968
0.311059362,0.486847493,0.88684116,0.459216126,0.363685844,0.338921966,0.397928246,0.238822135,0.250216385
0.309778792,0.472872955,0.866199875,0.428495891,0.344403516,0.329772032,0.385273888,0.209378235,0.216450235
0.306169968,0.48438134,0.924069398,0.453919621,0.343555924,0.348744524,0.395136782,0.178844041,0.164502352
0.298370225,0.464858179,0.906745364,0.44120765,0.347158229,0.34664552,0.380311398,0.151581222,0.157575771
0.296623997,0.47924365,0.972355323,0.454449177,0.380637161,0.344035032,0.391601064,0.24918217,0.219047551
0.289289911,0.449034155,0.940287682,0.410487416,0.366228621,0.325654676,0.383661122,0.203380797,0.235497942
0.289289911,0.45437725,0.942130513,0.399364375,0.341225252,0.325708386,0.389429945,0.167393712,0.183549713
0.267287597,0.457254336,0.943236522,0.396186568,0.328935449,0.291073449,0.337448124,0.107960929,0.139394038
0.274854465,0.458692889,0.935495754,0.385593294,0.347158229,0.276998847,0.324049426,0.104689118,0.135930748
0.253550695,0.441635882,0.902690774,0.344279785,0.274267069,0.24448985,0.300539667,0.060523514,0.079653513
0.240861477,0.423962207,0.862513991,0.326800865,0.270241042,0.253666726,0.309037962,0.046892104,0.079653513
0.228288696,0.428277846,0.843346831,0.314618714,0.261129653,0.221319189,0.297190036,0.036532069,0.081385202
0.218509931,0.421907172,0.78142305,0.293432166,0.286980593,0.214376007,0.288319568,0,0.059740178
0.227706682,0.494245767,0.927755281,0.343220463,0.292701783,0.241610313,0.336083432,0.055615988,0.105627801
0.222933644,0.503904665,0.877626267,0.375529787,0.279988089,0.276057015,0.366850706,0.197382977,0.245887467
0.234924318,0.506576202,0.889789962,0.386122849,0.290794663,0.269059956,0.361888216,0.181570487,0.218181837
0.245867297,0.504521147,0.93365296,0.382415274,0.297575232,0.251406097,0.374914741,0.087240913,0.138527977
0.247147867,0.496917324,0.927755281,0.369703515,0.290370963,0.249549203,0.376961773,0.043075309,0.062337754
0.249708996,0.503904665,0.934390041,0.384533972,0.262612902,0.269140771,0.3765896,0.061613808,0.132467457
0.243189812,0.489108076,0.889789962,0.358050919,0.256044268,0.271643508,0.34904787,0.091603073,0.102164511
0.249825434,0.466913214,0.897530472,0.356461989,0.253501491,0.248338159,0.321630227,0.046346684,0.062337754
0.249010533,0.456226901,0.873940347,0.360169564,0.274902705,0.277106433,0.314682699,0.061068879,0.066666672
0.229569266,0.438142129,0.860302491,0.350635665,0.257315582,0.258941249,0.319583195,0.066521334,0.079653513
0.228288696,0.434648541,0.877626267,0.354343292,0.275326596,0.242821358,0.311022901,0.173391532,0.085714466
0.228754365,0.413892232,0.84666434,0.331567867,0.273631412,0.18251302,0.294460664,0.092148439,0.042424419
0.195227046,0.410398623,0.88168082,0.338453514,0.278081139,0.23079205,0.317784243,0.135768732,0.064935071
0.178929003,0.395807604,0.860670902,0.332627189,0.276809824,0.253774312,0.320265535,0.131407008,0.042424419
0.210593738,0.409165639,0.918540389,0.345868715,0.259222702,0.314997709,0.35425844,0.250272465,0.116017326
0.203143227,0.40998769,0.932915621,0.34533916,0.2223534,0.328991661,0.376465513,0.376227018,0.25800868
0.239115237,0.393136067,0.939919013,0.342690696,0.235702582,0.307489492,0.376217433,0.347873413,0.234631968
0.241210708,0.364159412,0.876152106,0.285487409,0.172134747,0.252321157,0.346504579,0.246455724,0.154112481
0.23364384,0.370324723,0.88426099,0.30243651,0.174253633,0.252617141,0.351591155,0.285169255,0.187013003
0.215366683,0.389642314,0.889421293,0.337923694,0.176584474,0.270297939,0.348923784,0.286259604,0.161904689
0.226891781,0.401972894,0.935495754,0.333686511,0.19120514,0.310422739,0.325600198,0.317339219,0.219047551
0.247380649,0.430949383,0.949502575,0.352224595,0.202435415,0.312925479,0.334780746,0.396401231,0.27272747
0.246216528,0.429921948,0.937707549,0.34533916,0.205613849,0.342070553,0.329011916,0.325518119,0.19913413
0.27008152,0.428483395,1,0.349046735,0.184424571,0.342016679,0.346938838,0.309160264,0.204329109
0.27217698,0.448623058,0.930335451,0.354872847,0.197138096,0.352027797,0.351653155,0.328244183,0.229437422
0.281024499,0.438142129,0.912274336,0.364406746,0.189509955,0.375171522,0.355685126,0.318429513,0.225974132
0.293946419,0.448006556,0.925175148,0.372881323,0.193535961,0.38981132,0.373674142,0.308069969,0.20606071
0.324912702,0.412864776,0.920383478,0.367055263,0.187179114,0.352835106,0.351156896,0.287349954,0.187013003
0.31792786,0.408343588,0.898636185,0.381885666,0.169803905,0.346376309,0.354196447,0.309160264,0.203463048
0.305704299,0.403000349,0.841504037,0.386122849,0.172558469,0.358567244,0.344643633,0.293347774,0.204329109
0.311059362,0.398068208,0.852930393,0.504767029,0.164082885,0.341774568,0.346504579,0.28080715,0.209523655
0.311757907,0.381011036,0.819388332,0.480402674,0.16768502,0.300600184,0.326096458,0.261177865,0.176623478
0.315832388,0.382449589,0.838186528,0.48887725,0.188026706,0.296751875,0.33360214,0.243184295,0.147186247
0.316763727,0.367653021,0.838186528,0.46345352,0.172346682,0.295836815,0.326468624,0.282988175,0.160173001
0.317694973,0.381833087,0.85145601,0.471928097,0.154759539,0.3172314,0.335959345,0.212650101,0.122077933
0.310128105,0.387998376,0.852561723,0.479343299,0.119797208,0.308969583,0.340301489,0.172301237,0.096103991
0.314318943,0.412042725,0.895318971,0.519067877,0.141410357,0.316693137,0.362632648,0.235005395,0.139394038
0.302211924,0.431360501,0.92996704,0.523305059,0.144376835,0.287467415,0.359158937,0.208287941,0.109090745
0.299301564,0.433209988,0.906008283,0.521716182,0.328087857,0.292257555,0.359034844,0.236641055,0.125541223
0.276135035,0.425811693,0.8802064,0.517479,0.320671631,0.291207974,0.354630613,0.236641055,0.119480616
0.274156002,0.405055384,0.874309017,0.4936442,0.312619599,0.291100387,0.32715097,0.256815705,0.126406851
0.264377237,0.406494102,0.890158668,0.500000079,0.337411182,0.280685695,0.333478147,0.345692333,0.207792399
0.26379513,0.417180415,0.941393433,0.504767029,0.3357556,0.293414726,0.348675697,0.397491962,0.26060591
0.258207202,0.410193074,0.902690774,0.481991604,0.32732481,0.287279017,0.34830353,0.412213721,0.286580198
0.264377237,0.408138039,0.755252645,0.488347483,0.347769476,0.30490594,0.337386031,0.455288976,0.346320376
0.254249147,0.402178298,0.750092306,0.474576349,0.327746413,0.308808123,0.33837855,0.473282546,0.368831028
0.274854465,0.381011036,0.713232736,0.44650442,0.322055608,0.285126138,0.312511673,0.512541115,0.434632072
0.264842813,0.392519564,0.72945091,0.475105957,0.322898687,0.319276689,0.3122635,0.532715329,0.421644972
0.262398122,0.408549137,0.757832778,0.494173755,0.340813989,0.320110936,0.325848278,0.532170345,0.412121075
0.2604191,0.404438903,0.759675757,0.48887725,0.321844817,0.290535189,0.331989374,0.498909705,0.39826826
0.282654301,0.396629655,0.727607968,0.472457652,0.299503203,0.277590819,0.322064394,0.404580132,0.320346435
0.270197958,0.404027949,0.733505499,0.473517027,0.292547885,0.262224524,0.337572117,0.420392622,0.329870245
0.270430752,0.400328812,0.73829728,0.500529635,0.28664629,0.270782325,0.340735749,0.374045938,0.288311886
0.270547189,0.397451706,0.721710437,0.441737417,0.308144826,0.278532817,0.349916296,0.344056673,0.249350758
0.286146675,0.368064118,0.68669381,0.391949173,0.281798713,0.253585911,0.330624688,0.322791673,0.232034652
0.293713636,0.361076778,0.675635976,0.391419618,0.230581642,0.246050756,0.303517212,0.329334914,0.207792399
0.249476121,0.371146753,0.711021125,0.41631374,0.270417104,0.271159125,0.298802808,0.356052368,0.247619156
0.205005811,0.345047205,0.647254071,0.382415274,0.239223244,0.245969944,0.275851396,0.283533159,0.200000104
0.175785849,0.392724969,0.727239299,0.435381379,0.277372421,0.288113261,0.322994913,0.439476541,0.34025977
0.148894059,0.403000349,0.717655848,0.436440701,0.286224835,0.301649604,0.326220451,0.424754782,0.332467561
0.176717106,0.409165639,0.741983164,0.442267026,0.317207883,0.300923107,0.339867322,0.446565092,0.329004271
0.209778849,0.406905035,0.751566578,0.41631374,0.33154029,0.277725508,0.352335501,0.408396927,0.286580198
0.20209545,0.407315988,0.755989837,0.413135668,0.326060128,0.270513276,0.377023766,0.358778813,0.246753095
0.202444763,0.404027949,0.741245972,0.406250022,0.338284794,0.265857496,0.372867709,0.376772383,0.257142966
0.190803321,0.399301212,0.736454191,0.396186568,0.344818678,0.271347523,0.376465513,0.369138412,0.241558549
0.183469154,0.413070325,0.737928611,0.388241546,0.347980288,0.279582399,0.378946712,0.419302272,0.288311886
0.182305033,0.408343588,0.737560052,0.372881323,0.339127873,0.272558404,0.377458032,0.390948722,0.255411364
0.191851016,0.409782141,0.725396321,0.363877191,0.339549477,0.272208542,0.370510504,0.489640401,0.342857086
0.193248012,0.411426243,0.724290607,0.367055263,0.339338664,0.272827617,0.36592028,0.48037077,0.33419925
0.200582098,0.413070325,0.741983164,0.380296789,0.344607866,0.279394,0.378574539,0.474372895,0.330735959
0.20593715,0.413481278,0.732399749,0.378178092,0.335544809,0.279582399,0.369828164,0.498364285,0.361904793
0.215483121,0.419029922,0.729819432,0.371822212,0.325638673,0.288382311,0.363625075,0.485278296,0.351515269
0.211525077,0.416152815,0.740140222,0.357521311,0.320369493,0.293979924,0.357421985,0.546892104,0.39567103
0.221420291,0.409782141,0.712126876,0.360169564,0.318683208,0.300465495,0.351839242,0.487459321,0.348917693
0.218160699,0.409782141,0.704386403,0.37023307,0.328167868,0.293011155,0.347931264,0.419847256,0.285714224
0.219790489,0.42026307,0.717655848,0.354343292,0.341024801,0.307274153,0.367408959,0.485823661,0.347186004
0.221653073,0.410193074,0.691116921,0.336334817,0.325427882,0.309373157,0.348365524,0.585605253,0.420779344
0.222817287,0.413481278,0.692222819,0.342161088,0.331118665,0.313759726,0.346008319,0.608506349,0.408658131
0.207683378,0.411220674,0.691116921,0.334216119,0.323952557,0.313302278,0.34451964,0.601963108,0.411255447
0.204773017,0.418618968,0.701437711,0.354872847,0.328800134,0.312172046,0.340301489,0.653217318,0.402597611
0.205587918,0.416358364,0.686325288,0.361228939,0.324163348,0.3054442,0.322808826,0.653762302,0.393939341
0.215017463,0.416563933,0.701806233,0.358050919,0.331118665,0.306682019,0.333788227,0.625954499,0.406060555
0.209895287,0.405466502,0.664209473,0.336864584,0.32226642,0.278129079,0.314372619,0.681025121,0.4606061
0.199534403,0.390464365,0.665315186,0.319385663,0.323530933,0.282354188,0.296507696,0.676118032,0.444155969
0.180791681,0.389847863,0.650202763,0.335805208,0.311727891,0.276675923,0.288939914,0.698473326,0.522077881
0.179860342,0.411015125,0.696277224,0.35116522,0.320790947,0.281546878,0.292785805,0.703380851,0.532467752
0.164610076,0.408343588,0.723184857,0.35169504,0.330275607,0.27054005,0.283295084,0.700108986,0.535064981
0.18288714,0.418208015,0.717655848,0.346928037,0.318261753,0.208966792,0.297252036,0.678844041,0.518614937
0.16146684,0.439580682,0.72060454,0.35010611,0.301400151,0.197825605,0.306122503,0.658669827,0.491774934
0.162980192,0.442663317,0.677847439,0.363877191,0.32226642,0.188810192,0.292351632,0.708833306,0.519480564
0.146798599,0.335799425,0.65499458,0.342690696,0.312570948,0.192443329,0.269648306,0.760087516,0.568831218
0.073690353,0.320797308,0.670475673,0.341101766,0.315100143,0.200435929,0.26896596,0.749727535,0.566233902
0.081490096,0.30887799,0.625506925,0.320444985,0.379384938,0.189375391,0.273556283,0.689749442,0.529004461
0.096856893,0.319975257,0.474014096,0.395656801,0.405098806,0.196264697,0.287575229,0.663576917,0.505627749
0.105820757,0.309494472,0.448949552,0.367055263,0.393927988,0.184881235,0.274300623,0.688658656,0.519480564
0.11199071,0.314632162,0.456690025,0.361758494,0.384232516,0.176323434,0.285466203,0.681570487,0.513419958
0.110943027,0.307644821,0.434574357,0.362817869,0.391398645,0.138835735,0.278208601,0.663576917,0.503896148
0.110477357,0.306822791,0.439366138,0.369703515,0.388447995,0.141796084,0.275913389,0.654307667,0.498701169
0.098253808,0.301274147,0.437523196,0.359639797,0.387604938,0.131112179,0.254947015,0.670665523,0.522077881
0.098370246,0.297985943,0.429782576,0.355932222,0.386972522,0.140961839,0.262266611,0.637404828,0.483117098
0.0760187,0.277846301,0.411352792,0.32627131,0.377488011,0.126026054,0.254636842,0.723010081,0.552381087
0.082421435,0.275174661,0.413932961,0.306144137,0.383178646,0.100567826,0.240865971,0.723010081,0.563636239
0.077299258,0.24434852,0.367489941,0.263771306,0.325638673,0.072929781,0.215123187,0.683751567,0.541991216
0.073806791,0.229757501,0.346848546,0.251589102,0.340603346,0.079415519,0.212890075,0.789531415,0.620779101
0.065192147,0.233662125,0.330998931,0.236228879,0.307090956,0.071826487,0.213696414,0.77317356,0.612987239
0.060419121,0.251335799,0.370070111,0.239936506,0.333858672,0.083290764,0.235159141,0.702290066,0.57402611
0.05413273,0.262433231,0.391080065,0.242584759,0.330064795,0.064156646,0.242478743,0.711014386,0.593939532
0.06461004,0.233662125,0.390342837,0.196504301,0.29086177,0.042654475,0.239997545,0.621592393,0.505627749
0.06123401,0.21352238,0.352008848,0.157309436,0.282435154,0.031701523,0.207555411,0.610142009,0.517748963
0.047264326,0.188861467,0.301511276,0.132415261,0.227630823,0,0.169468448,0.612868073,0.514285672
0.037834688,0.219071106,0.337633653,0.176377128,0.25966791,0.018730218,0.201042149,0.527808185,0.464069391
0.01979051,0.275791163,0.464061975,0.252648477,0.351141728,0.090449119,0.262452697,0.507088606,0.397402632
0.035622883,0.250308261,0.4084041,0.215572151,0.335333997,0.078581271,0.240865971,0.495092911,0.402597611
0.067054731,0.249897246,0.402506569,0.217161081,0.350720273,0.074490687,0.245022035,0.50436216,0.407792157
0.060651996,0.249280662,0.402875091,0.20921606,0.345661736,0.068489503,0.251969464,0.50436216,0.394805316
0.064842927,0.241265886,0.390342837,0.187500063,0.321634005,0.063134,0.246200634,0.55779745,0.417316053
0.055413289,0.250308261,0.385551056,0.183792489,0.318893998,0.113296856,0.26251479,0.533260694,0.407792157
0.058090867,0.242704439,0.380390753,0.1795552,0.313203194,0.136332995,0.261088012,0.478735055,0.382683843
0.083934881,0.24702016,0.359012277,0.20762713,0.312992551,0.134583855,0.264747903,0.52671789,0.419047655
0.079161843,0.239416317,0.363804058,0.20921606,0.304983216,0.134825963,0.271074992,0.483097216,0.373160292
0.082887104,0.247225627,0.400663627,0.202330625,0.337652549,0.137651626,0.276099569,0.462922566,0.373160292
0.081490096,0.251952281,0.443052058,0.197034015,0.348823346,0.162329483,0.296693776,0.464013296,0.380086526
0.098835915,0.250719297,0.441577638,0.194385604,0.324795615,0.161522174,0.293964404,0.423119067,0.331601933
0.108381898,0.240032881,0.437891718,0.193855942,0.309620129,0.130224221,0.30103592,0.394765517,0.30995691
0.100116474,0.234484176,0.43973466,0.183262775,0.313624818,0.129955011,0.288629741,0.386586562,0.314285828
0.101164169,0.218865557,0.441577638,0.180084861,0.297817087,0.145536807,0.286892889,0.399673042,0.330735959
0.096507568,0.223592211,0.439366138,0.187500063,0.292337095,0.167227373,0.239439291,0.337513814,0.26060591
0.088242156,0.229962988,0.436048777,0.182203452,0.279901764,0.177319142,0.238570859,0.341875593,0.261471884
0.085913903,0.22030409,0.44084041,0.178495825,0.277583212,0.181544087,0.236027574,0.298800665,0.244155865
0.094528547,0.22893545,0.453741333,0.177436503,0.288121763,0.173309209,0.229452311,0.285169255,0.224242444
0.110826589,0.22379776,0.471065404,0.173199215,0.285170965,0.150326947,0.227715452,0.284078524,0.210389629
0.116530861,0.217015988,0.479911627,0.167902551,0.296341762,0.153421823,0.23112717,0.22900752,0.167099582
0.117229417,0.209823243,0.465536395,0.150423737,0.288964821,0.139481745,0.217790472,0.2311886,0.191341921
0.108032666,0.181874209,0.413564403,0.106461923,0.255874033,0.096827103,0.197196264,0.185387281,0.138527977
0.088009374,0.177764036,0.426096656,0.102224635,0.264726299,0.111628364,0.18869797,0.231733965,0.160173001
0.07089643,0.151048068,0.361223741,0.074682207,0.245757107,0.086277887,0.163947699,0.230098251,0.158441745
0.056810297,0.16707762,0.362329638,0.093750058,0.253555503,0.103258964,0.171019221,0.208287941,0.114285724
0.044935979,0.15515822,0.33284202,0.093220397,0.273367902,0.102182442,0.154208805,0.368593428,0.166233607
0.04912691,0.167283169,0.329893181,0.114936447,0.298870957,0.129793548,0.163389352,0.449836521,0.245021839
0.036670567,0.148787464,0.308146035,0.08951277,0.264304845,0.114561777,0.147261375,0.437295461,0.253679676
0.041210717,0.149609515,0.315149279,0.081567854,0.285175161,0.121235749,0.153402372,0.454198681,0.267532491
0.002095471,0.159268393,0.338739551,0.097457632,0.283489045,0.126564149,0.170833134,0.422028336,0.229437422
0,0.159268393,0.338739551,0.101694921,0.300978697,0.147797271,0.175547451,0.398582312,0.228571362
0.025262,0.144471825,0.303722923,0.083686445,0.263461787,0.120132453,0.16183858,0.398582312,0.206926338
0.035855666,0.150431566,0.293402133,0.096398416,0.276529342,0.115342148,0.158675035,0.361504823,0.182684085
0.028521592,0.138923099,0.301142754,0.088983109,0.27315709,0.089265013,0.162955186,0.405125497,0.191341921
0.027706691,0.13460746,0.277552666,0.086334803,0.25861404,0.073844841,0.159791641,0.396401231,0.203463048
0.033760206,0.150431566,0.286398889,0.11334757,0.29191564,0.064856366,0.16680107,0.332060923,0.171428586
0.044819623,0.163789499,0.300405562,0.126589096,0.295287892,0.080599625,0.184665999,0.337513814,0.181818024
0.056344627,0.147143444,0.27865838,0.109110281,0.286857081,0.066605674,0.182618967,0.328789548,0.145454558
0.038416795,0.181052158,0.338002323,0.153072148,0.294234022,0.061250335,0.196513918,0.304798104,0.118614642
0.039580927,0.206329573,0.366384228,0.186970402,0.311517078,0.101133024,0.218472818,0.289531034,0.090909012
0.052270146,0.195643259,0.36675275,0.168432265,0.298027878,0.10732261,0.213696414,0.22900752,0.040692731
0.087078035,0.187833929,0.349060157,0.167902551,0.265358545,0.147716621,0.203399354,0.218647921,0.051082256
0.16309663,0.180846671,0.356800629,0.181144077,0.284749341,0.135929424,0.211029129,0.232279331,0.056277234
0.17159493,0.184545828,0.32104681,0.198622892,0.300557072,0.244570665,0.217356305,0.195746826,0.032900522
0.178579772,0.188450432,0.336527903,0.200211928,0.306037086,0.227158914,0.229018051,0.297164569,0.115151698
0.181955802,0.175503432,0.326944489,0.179025486,0.319109006,0.230549775,0.215619446,0.383860553,0.241558549
0.195459828,0.186395397,0.316623699,0.181673791,0.311938681,0.264673387,0.245580288,0.417121247,0.229437422
0.192898792,0.185984361,0.298562584,0.171610179,0.294444834,0.244193865,0.243037089,0.395310882,0.220779153
0.199534403,0.191944102,0.326575819,0.189618654,0.292126282,0.228585295,0.26369339,0.365321617,0.198268502
0.227124563,0.190916502,0.330261703,0.207097575,0.296763217,0.2246023,0.267787361,0.375136232,0.201731792
0.253317808,0.175914468,0.28971625,0.192796726,0.260721611,0.201377927,0.24266483,0.407306577,0.235497942
0.252619357,0.163173017,0.296350973,0.182733113,0.23774775,0.182566733,0.243781435,0.364776634,0.225974132
0.23399306,0.16461155,0.280132799,0.180614416,0.241541627,0.190774834,0.24713106,0.382769822,0.234631968
0.217462154,0.149404048,0.260597154,0.176377128,0.232057115,0.193815834,0.239811458,0.356597733,0.222510842
0.213271316,0.174270448,0.2823443,0.204449322,0.261354047,0.208374819,0.255753348,0.360414528,0.246753095
0.211874308,0.160912413,0.262071573,0.194915318,0.234375498,0.1871417,0.240183631,0.389858427,0.239826861
0.240046576,0.161117961,0.283450197,0.200211928,0.250604684,0.207298299,0.246262634,0.454743611,0.319480461
0.226658905,0.165639088,0.291927861,0.224046728,0.26493709,0.219731345,0.257366214,0.456924691,0.321212062
0.241909253,0.154952672,0.301511276,0.218749959,0.240066302,0.206383404,0.236896,0.432388317,0.297835437
0.228754365,0.174475915,0.295982451,0.237817809,0.242599692,0.221400001,0.251969464,0.414394747,0.27878799
0.217112923,0.154747205,0.284924469,0.220339101,0.236904692,0.20589902,0.234600888,0.419302272,0.279653704
0.223748545,0.136457028,0.266494685,0.194915318,0.230581642,0.17565065,0.228211712,0.366957714,0.23030305
0.201862656,0.140156186,0.29119067,0.193855942,0.224680195,0.180413854,0.227591366,0.381679473,0.232034652
0.172875488,0.138101048,0.295982451,0.200211928,0.243438555,0.187841423,0.227529366,0.384950902,0.224242444
0.178463334,0.144266358,0.333947733,0.217161081,0.25966791,0.195080591,0.238508772,0.334242003,0.180952397
0.183818386,0.146732409,0.340951014,0.218220404,0.253344839,0.198686789,0.22690902,0.369138412,0.200865818
0.190686883,0.148170962,0.318098118,0.236228879,0.241120172,0.18660344,0.224427821,0.377317312,0.200000104
0.18125735,0.138101048,0.310357646,0.199152606,0.218357124,0.187087988,0.218596904,0.394765517,0.240692575
0.181373695,0.128647719,0.307408807,0.183792489,0.180629402,0.182539959,0.200483896,0.338058798,0.206926338
0.17997678,0.120221928,0.319572538,0.181673791,0.169037002,0.161656698,0.199491376,0.28898605,0.179220795
0.181955802,0.117755857,0.336527903,0.170021248,0.165453937,0.167469484,0.197444345,0.27099248,0.169696898
0.165774208,0.127003699,0.341319684,0.187500063,0.176413922,0.157593052,0.201662495,0.27317356,0.17229456
0.141792779,0.115289786,0.333947733,0.16048735,0.162292327,0.119917116,0.174368845,0.245910741,0.174025816
0.138766062,0.100082182,0.3313676,0.140360283,0.174306182,0.099518242,0.159109301,0.25954215,0.164502352
0.126076844,0.095560995,0.350165907,0.123940685,0.145852329,0.069189061,0.14465609,0.246455724,0.162770663
0.12549483,0.115289786,0.381127945,0.14406791,0.143533947,0.072391521,0.168724015,0.190839736,0.135065033
0.124447053,0.102959268,0.357537857,0.127648312,0.157866184,0.11472324,0.184541912,0.131951937,0.120346244
0.134225911,0.102548253,0.347217215,0.12500006,0.154283119,0.118840596,0.130388966,0.086150619,0.059740178
0.147497144,0.09330039,0.364541102,0.122881468,0.122878469,0.136144597,0.128155847,0.047982399,0.038961129
0.129918543,0.0891903,0.337265131,0.113877231,0.109810892,0.13603701,0.137212308,0.032715274,0.038095155
0.121187461,0.064529367,0.2886105,0.072563616,0.014543049,0.079415519,0.109546579,0.083424173,0.048484939
0.118626332,0.070283559,0.319203869,0.083686445,0.049952389,0.099060794,0.104211922,0.069792763,0.043290047
0.073923229,0.066378956,0.31994106,0.074152652,0.074401553,0.100890749,0.100241945,0.201199717,0.13766235
0.076484369,0.053020921,0.315517949,0.051377227,0.055643024,0.084232597,0.087029333,0.119956242,0.103896199
0.07473813,0.048499815,0.274972349,0.030720341,0.062809301,0.074248415,0.073506648,0.112322707,0.080519487
0.067054731,0.070283559,0.306671615,0.059851751,0.095057031,0.102801516,0.088890279,0.113958367,0.058874464
0.050640344,0.059186128,0.23811278,0.025953391,0.139318467,0.087865567,0.076670186,0.098146314,0.034632211
0.076135044,0.065351418,0.225580674,0.063559378,0.122457014,0.078285122,0.066745255,0.188658656,0.058874464
0.066356279,0.078298356,0.200884689,0.066207631,0.115290885,0.10802233,0.089138365,0.149945507,0
0.068917408,0.054665023,0.138960612,0.029661124,0.090420096,0.061196459,0.061596679,0.193020816,0.015584417
0.090570503,0.025893917,0.058975384,0.022245764,0.0594369,0.038052734,0.033186566,0.190294371,0.016450131
0.073341122,0.01027538,0.00147442,0,0.018551446,0.039963337,0,0.220829001,0.023376625
0.042491288,0.017879141,0,0.000529714,0.04089304,0.042681414,0.017926922,0.292802845,0.041558445
0.039115258,0.016440588,0.023958794,0.031250002,0.043418505,0.026507645,0.02109051,0.336968449,0.075324595
0.04575088,0.020961796,0.034279399,0.031779716,0.018336905,0.038967629,0.034427165,0.350054493,0.072727279
0.05413273,0,0.03907118,0.043432312,0.030983026,0.04120132,0.074747247,0.342966323,0.076190569
0.054365605,0.028359988,0.099520874,0.082097515,0.039835462,0.106972749,0.122883184,0.317884584,0.022510651
0.042840519,0.007603761,0.065241474,0.05932209,0.031615463,0.157942914,0.093356515,0.316793853,0.038095155
0.072875452,0.015618537,0.007003429,0.083686445,0,0.259398861,0.105018348,0.218102556,0.039826757
0.069965092,0.060624764,0.116107716,0.137711925,0.046790779,0.225355897,0.132559991,0.231733965,0.016450131