AMD,SYK,SMCI,AAPL,MSFT,IBM,HPE,GOOG,AVGO
0.714285714,0.89546746,0.063348408,0.981722854,0.980902435,0.488455639,0.837740427,0.96829831,0.922089208
0.704562453,0.992241691,0.034259789,0.995809081,0.986991364,0.506240336,0.840295696,0.976883213,0.926307458
0.691099476,0.963658556,0.0471881,1,1,0.526053191,0.817298276,1,0.968240213
0.694839192,0.931808864,0.050420097,0.983352656,0.991973401,0.522621038,0.821131179,0.982453724,0.961540957
0.692595363,0.959983587,0.095669024,0.976833472,0.997509078,0.514664563,0.828796986,0.962458749,1
0.705310396,0.949775339,0.082740713,0.956460948,0.988375338,0.526209119,0.812187738,0.980166321,0.975870081
0.694839192,0.971825195,0.082740713,0.905355027,0.985884444,0.553822286,0.828796986,0.961597402,0.888220396
0.738967838,1,0.082740713,0.891152444,0.961804648,0.564430602,0.824964083,0.96138223,0.886917803
0.764397906,0.871784325,0.056884285,0.916181476,0.961804648,0.564898605,0.865848384,0.937538784,0.915576045
0.755422588,0.843201272,0.053652223,0.889173423,0.981455881,0.569578839,0.873514191,0.938803539,0.898951809
0.694839192,0.859942799,0.0943762,0.846449353,0.979241626,0.55897029,0.911843224,0.944616492,0.847279968
0.674644727,0.848917891,0.173238568,0.780791629,0.839468687,0.557722442,0.908010321,0.818913361,0.790583736
0.670905011,0.838301313,0.182934689,0.769150187,0.835870431,0.556162286,0.886290535,0.820985589,0.803362175
0.685115931,0.861576078,0.221719493,0.777182806,0.842236443,0.59329185,0.915676127,0.813477208,0.814899835
0.6776365,0.85218453,0.22495149,0.766356171,0.841406136,0.65054611,0.908010321,0.80785282,0.793747368
0.748691099,0.864434469,0.218487367,0.76728751,0.840852468,0.689859746,0.881179998,0.861002802,0.793561281
0.761406133,0.8558595,0.179702562,0.764144274,0.815942586,0.671606812,0.858182578,0.850911033,0.793871361
0.785340314,0.856676159,0.195862871,0.808148914,0.807639153,0.650234035,0.96550387,0.873408912,0.792072509
0.9289454,0.8558595,0.199094997,0.816414408,0.807085458,0.447581832,0.95400516,0.871713482,0.783512214
0.917726253,0.858309438,0.221719493,0.809546004,0.808746294,0.452106154,0.985946021,0.871229096,0.808634745
0.896035901,0.857901108,0.231415613,0.775902235,0.804317731,0.456318385,0.989778925,0.864985636,0.816636786
0.906507105,0.856676159,0.22495149,0.764377149,0.794077071,0.455226232,0.978280215,0.860007094,0.821475184
0.915482423,0.85340952,0.221719493,0.770779977,0.774702451,0.464430538,0.996167097,0.863828465,0.831772244
0.922213912,0.861167829,0.228183487,0.763212935,0.771104416,0.478159165,0.998722366,0.819020947,0.804416688
0.929693343,0.837892943,0.237879801,0.762514472,0.771104416,0.460842456,0.978280215,0.830862021,0.807083973
0.926701571,0.861984407,0.241111798,0.756228175,0.763077817,0.446645842,0.978280215,0.835948312,0.802865915
0.925205684,0.850551252,0.254040109,0.757275858,0.76224751,0.450390069,0.982113118,0.811916466,0.790025477
0.901271503,0.859942799,0.257272106,0.735040668,0.726819913,0.446645842,0.978280215,0.762722379,0.77966633
0.887808527,0.828501395,0.241111798,0.74668211,0.714918445,0.451326076,0.964226236,0.779165194,0.764158606
0.870605834,0.813393229,0.273432415,0.738882367,0.724605659,0.449454079,1,0.767001362,0.770175609
0.852655198,0.785218424,0.199094997,0.742491179,0.721284236,0.424805061,0.966781505,0.782717516,0.783015955
0.860882573,0.816659869,0.18616675,0.732712415,0.704124119,0.433853455,0.948894623,0.756855717,0.785497246
0.858638743,0.859534469,0.212023179,0.74377175,0.703570424,0.433853455,0.984668387,0.743373087,0.770857955
0.866866118,0.770518548,0.170006442,0.731082613,0.687240614,0.447893923,0.989778925,0.690546028,0.750325741
0.813762154,0.740710464,0.147381946,0.700931324,0.687240614,0.437129445,0.96550387,0.680077462,0.739408248
0.816753927,0.75745199,0.189398877,0.71653081,0.719070175,0.425585139,0.909287955,0.700422624,0.762545834
0.816005984,0.746835413,0.140917952,0.733992973,0.713534471,0.427613064,0.849239137,0.71097184,0.769617356
0.816005984,0.782768486,0.118293456,0.765192132,0.733739371,0.437285607,0.828796986,0.708630564,0.785311166
0.794315632,0.784401765,0.127989641,0.79615824,0.747578287,0.414040584,0.810910104,0.682338091,0.827802273
0.806282723,0.768476898,0.140917952,0.795459777,0.739828549,0.416536746,0.817298276,0.664011444,0.828174533
0.8578908,0.728460607,0.279896538,0.809546004,0.743980058,0.420748977,0.814743007,0.678247507,0.832702763
0.866118175,0.692935864,0.40271488,0.790919626,0.729034001,0.431981208,0.808354835,0.691218812,0.810371604
0.890800299,0.688035864,0.422107185,0.806868344,0.741212302,0.439001676,0.777691608,0.718076486,0.80596746
0.844427823,0.688852565,0.435035496,0.820954571,0.726543079,0.435413377,0.76363763,0.709949194,0.811550203
0.841436051,0.683952647,0.447963808,0.828405082,0.728757361,0.421372908,0.793023222,0.701902718,0.815272094
0.799551234,0.675377678,0.435035496,0.794994201,0.70716868,0.383775341,0.76363763,0.694959535,0.792754855
0.780104712,0.694977473,0.464124116,0.825611078,0.717132506,0.390795576,0.780246877,0.720390825,0.807890406
0.777112939,0.701102503,0.489980544,0.83317812,0.69111551,0.405148353,0.846683868,0.698484921,0.825445161
0.783096485,0.698652442,0.486748418,0.835157142,0.696927827,0.392979647,0.881179998,0.700207287,0.823398129
0.801795064,0.698652442,0.499676729,0.858090795,0.706061539,0.409204437,0.915676127,0.724131547,0.846225455
0.779356769,0.703960812,0.491919717,0.857508688,0.729034001,0.392823735,0.877457099,0.729486886,0.842131484
0.807778609,0.70886069,0.44149962,0.84994182,0.707998987,0.385491426,0.869527588,0.703221349,0.804602774
0.824981301,0.70926906,0.528765349,0.844819562,0.681428297,0.394539803,0.863580456,0.680938645,0.777991471
0.82946896,0.696610833,0.538461469,0.82805585,0.675339146,0.384711348,0.850695129,0.660808984,0.787420192
0.849663426,0.696610833,0.548157654,0.809313128,0.675062312,0.403900272,0.86655415,0.666406598,0.801935396
0.835452506,0.669252729,0.535229343,0.802444712,0.67146425,0.391419725,0.86655415,0.680911871,0.860616666
0.810770381,0.673336069,0.522301161,0.810710043,0.672294557,0.378939179,0.842765746,0.696305104,0.872216505
0.771877337,0.66639442,0.493212606,0.80838179,0.684472886,0.361310411,0.838800991,0.69008858,0.861485092
0.777860883,0.67006943,0.473820236,0.778463376,0.656518221,0.350702096,0.80311845,0.641567278,0.826933841
0.792819746,0.630869717,0.499676729,0.781839313,0.665928573,0.340873625,0.790232996,0.65235877,0.825383068
0.798055348,0.654144481,0.509372914,0.786030244,0.663437679,0.356474249,0.802127261,0.653193014,0.810371604
0.796559461,0.677827616,0.525533222,0.822002254,0.698034968,0.384555419,0.831862797,0.696197518,0.850505599
0.773373224,0.692935864,0.535229343,0.829569296,0.686133473,0.37784726,0.846730502,0.683441385,0.852180458
0.764397906,0.704369142,0.538461469,0.809196772,0.696374132,0.381747416,0.829880292,0.68465243,0.834935882
0.788332087,0.648019573,0.506140852,0.781606437,0.666205406,0.374258945,0.802127261,0.66236989,0.793127022
0.786088257,0.642302955,0.486748418,0.75646105,0.636036681,0.374258945,0.784285863,0.643128184,0.771664388
0.807778609,0.653736151,0.502908726,0.823282824,0.665375099,0.373167026,0.835827425,0.685271502,0.824142469
0.836948392,0.66108609,0.499676729,0.811874257,0.674232005,0.378471192,0.834836236,0.695739906,0.837727254
0.81750187,0.700694173,0.515837037,0.797089579,0.663437679,0.399688041,0.834836236,0.70265615,0.844426596
0.777860883,0.7652103,0.522301161,0.7689173,0.671187416,0.426053142,0.822942098,0.698888656,0.824142469
0.769633508,0.732135495,0.519069034,0.759371411,0.656518221,0.422620974,0.801136073,0.687289855,0.831089898
0.822737472,0.664352729,0.51260504,0.777648382,0.659562782,0.41497659,0.807083205,0.705428104,0.850133432
0.84367988,0.485912598,0.522301161,0.695110602,0.668419688,0.428237214,0.826906853,0.70661221,0.819304065
0.867614061,0.445896307,0.506140852,0.679743817,0.67174089,0.418408743,0.822942098,0.705724088,0.808572752
0.844427823,0.471212721,0.502908726,0.688707774,0.681151463,0.412480428,0.822942098,0.735407422,0.831586158
0.853403141,0.443854616,0.519069034,0.70104768,0.684472886,0.424649133,0.826906853,0.715385348,0.835183962
0.863126402,0.476929299,0.509372914,0.734807967,0.709106128,0.42917322,0.832853986,0.752280749,0.872774765
0.88855647,0.471621051,0.480284424,0.726426105,0.712980997,0.442121754,0.859615828,0.760085115,0.855964349
0.881077038,0.47039602,0.40271488,0.718859063,0.696650966,0.439001676,0.855651073,0.839850495,0.848086401
0.906507105,0.473254411,0.431803499,0.697671731,0.701909837,0.45600631,0.872501282,0.819882131,0.84858266
0.919222139,0.483462659,0.522301161,0.698486539,0.713811304,0.465054703,0.861598206,0.807045511,0.850567599
0.967090501,0.500612434,0.483516421,0.706402813,0.703847285,0.463026544,0.838800991,0.814419206,0.856584602
0.918474196,0.498162495,0.483516421,0.695459834,0.688347755,0.563962599,0.787259557,0.799644881,0.834749795
0.922213912,0.499387485,0.477052298,0.689406237,0.689731508,0.548517902,0.79518894,0.767404933,0.823212043
0.901271503,0.484279237,0.509372914,0.683352629,0.673955172,0.567706826,0.791224185,0.774321177,0.831089898
0.895287958,0.487137546,0.477052298,0.668568126,0.646000506,0.558190446,0.781312424,0.75055838,0.812604722
0.876589379,0.481829298,0.431803499,0.644936009,0.628840389,0.559282364,0.751576888,0.741597008,0.807083973
0.871353777,0.482645958,0.360698079,0.642491237,0.596733994,0.551326124,0.7505857,0.704620794,0.772780894
0.895287958,0.482237628,0.344537771,0.637019747,0.596457354,0.554914205,0.746621072,0.701149121,0.778239644
0.904263276,0.478562659,0.351001959,0.62677522,0.582064771,0.547425968,0.733735618,0.673672704,0.764902946
0.875093493,0.478154329,0.318681342,0.609895163,0.557431528,0.53837759,0.720850291,0.64164809,0.736492784
0.931937173,0.493262577,0.344537771,0.625727525,0.571547278,0.558814361,0.76644472,0.655157658,0.715216236
0.902019447,0.489995938,0.351001959,0.61885912,0.54636034,0.588611616,0.739682751,0.620145922,0.703740483
0.896035901,0.473662659,0.36393014,0.624912717,0.567395548,0.561310524,0.73175324,0.647137953,0.724148697
0.862378459,0.468762741,0.33484165,0.620954498,0.555217246,0.565990758,0.737700373,0.671519661,0.730289694
0.836948392,0.495712515,0.341305644,0.645983704,0.591475344,0.584555532,0.762479965,0.732608533,0.773773413
0.849663426,0.445079606,0.321913339,0.621536605,0.575145313,0.575663067,0.722832669,0.697193226,0.738291735
0.771877337,0.531645507,0.347769832,0.645867348,0.61168005,0.583151304,0.753559266,0.764310224,0.784318647
0.796559461,0.540628847,0.357465952,0.651222318,0.630500976,0.565678683,0.757524021,0.800156205,0.79988837
0.805534779,0.47488769,0.338073647,0.643655451,0.604207119,0.570202755,0.740673939,0.777281529,0.792320589
0.852655198,0.497754124,0.325145336,0.64644928,0.604483759,0.560686358,0.729770863,0.783632575,0.799019938
0.865370232,0.482237628,0.360698079,0.63643764,0.594519933,0.578783145,0.736709184,0.759896716,0.767198151
0.916230366,0.501020764,0.367162267,0.65192077,0.621090624,0.57706706,0.744638567,0.778034962,0.774393666
0.922961855,0.463454411,0.383322575,0.604540193,0.597010827,0.585491538,0.72184148,0.73069793,0.743998565
0.938668661,0.457737833,0.367162267,0.628055778,0.5942431,0.567394751,0.724814919,0.737506427,0.754791972
0.908750935,0.453654494,0.383322575,0.638183961,0.604483759,0.560998449,0.746621072,0.760246578,0.770609776
0.808526552,0.455287854,0.40271488,0.65483113,0.615001473,0.567862755,0.760497588,0.767351221,0.785497246
0.755422588,0.421396471,0.380090449,0.641210666,0.590921677,0.582371226,0.757524021,0.739094268,0.783822387
0.718773373,0.430788059,0.370394264,0.682654178,0.605867734,0.565522755,0.771400536,0.757743838,0.787978445
0.723261032,0.453246164,0.357465952,0.752619351,0.650982516,0.534321506,0.777347669,0.848112145,0.85999632
0.743455497,0.407921625,0.312217154,0.757042982,0.663160817,0.516848651,0.77635648,0.841465111,0.855840262
0.757666417,0.400571646,0.321913339,0.746332879,0.66675888,0.538533503,0.775365292,0.82970485,0.853234977
0.767389678,0.383830119,0.344537771,0.740279282,0.660116256,0.539157668,0.788250746,0.848838806,0.842999917
0.781600598,0.396488346,0.360698079,0.757974321,0.645723866,0.533541428,0.812039149,0.827094362,0.857391035
0.827973074,0.392405006,0.36393014,0.7315482,0.599778555,0.543213737,0.823933159,0.803816113,0.733701412
0.78908003,0.356472015,0.360698079,0.726658818,0.592582264,0.542589821,0.951795875,0.798191561,0.764034519
0.762902019,0.358921994,0.33484165,0.737252565,0.608358849,0.528549119,0.955760502,0.827847959,0.766143638
0.70381451,0.363821994,0.341305644,0.736554114,0.595903686,0.540405734,0.953778125,0.815979948,0.774765932
0.678384443,0.362596964,0.354233955,0.739580819,0.586493334,0.551482052,0.954769314,0.81078607,0.772594814
0.680628272,0.355247025,0.338073647,0.733410866,0.562967012,0.54071759,0.961707635,0.771549391,0.764778952
0.700074794,0.363005293,0.325145336,0.738766011,0.56047609,0.533229353,0.956751691,0.755025761,0.745797418
0.694839192,0.364230324,0.344537771,0.740977908,0.554110105,0.542745734,0.94981337,0.736295379,0.757211177
0.685863874,0.357697005,0.33484165,0.730151286,0.533075092,0.532449275,0.924042589,0.715170011,0.73066196
0.684367988,0.340138818,0.296056846,0.724097677,0.533628565,0.513728573,0.948822181,0.705024365,0.752744946
0.6776365,0.338505499,0.302521034,0.697438856,0.527262775,0.516068573,0.950804558,0.67644449,0.712548858
0.6776365,0.390363398,0.347769832,0.758207196,0.580681017,0.55897029,0.981531283,0.739363317,0.771478208
0.688855647,0.395263316,0.351001959,0.760884682,0.553556632,0.525116966,0.969637018,0.723431824,0.761243148
0.716529544,0.336463849,0.331609524,0.765541363,0.552172657,0.507332254,0.958734196,0.710352768,0.742199713
0.706806283,0.334830529,0.328377462,0.740512158,0.554386939,0.511700414,0.956751691,0.705993138,0.711990599
0.700822737,0.376071851,0.331609524,0.732479539,0.577913068,0.521060882,0.970628206,0.701095408,0.713479377
0.816753927,0.389955068,0.299288908,0.740977908,0.570440137,0.534477434,0.948822181,0.710218244,0.695676542
0.717277487,0.389955068,0.312217154,0.729569179,0.567672381,0.548829977,0.959725257,0.715950382,0.674710068
0.705310396,0.387505129,0.33484165,0.682421477,0.569332996,0.580343301,0.953778125,0.696654966,0.68320827
0.691099476,0.234381371,0.331609524,0.654132679,0.564074152,0.642745798,0.945848742,0.708845736,0.664288828
0.670157068,0.233156381,0.296056846,0.660302632,0.571547278,0.636193567,0.93791936,0.696412691,0.673593462
0.624532536,0.271947723,0.305753031,0.665541246,0.577636428,0.643525876,0.940892798,0.667886689,0.67700518
0.614061331,0.275214362,0.351001959,0.654714786,0.580681017,0.639469558,0.943866237,0.657471997,0.651386483
0.625280479,0.246631268,0.347769832,0.620605267,0.554386939,0.662090416,0.933954477,0.639683613,0.648222851
0.61854899,0.276847682,0.341305644,0.622235057,0.549128096,0.662558653,0.933954477,0.554347557,0.662365883
0.640239342,0.281339311,0.367162267,0.620954498,0.536949988,0.65850235,0.931972227,0.547565835,0.653619508
0.63500374,0.261331145,0.380090449,0.630849794,0.539440882,0.663650572,0.923051528,0.549099805,0.663048229
0.881824981,0.262964465,0.373626261,0.620488911,0.528646556,0.669266812,0.915122017,0.523426405,0.650890223
0.8578908,0.233156381,0.360698079,0.604540193,0.497370689,0.663494659,0.885386609,0.470760806,0.628683156
0.881824981,0.223764793,0.373626261,0.606519215,0.472460585,0.693447827,0.904218941,0.466616512,0.632094874
0.866118175,0.213148215,0.351001959,0.586030171,0.45972881,0.68393143,0.887368987,0.457358991,0.603684712
0.87210172,0.202939967,0.347769832,0.592083768,0.469415996,0.814352665,0.884395292,0.453618269,0.600397081
0.845175767,0.23642302,0.396250757,0.599417935,0.471907112,0.830733367,0.882413043,0.454560102,0.605173392
0.835452506,0.182931801,0.351001959,0.590337622,0.457237695,0.806240278,0.870518777,0.41793375,0.589355588
0.84367988,0.198856668,0.36393014,0.599068703,0.464987654,0.823869061,0.87646591,0.419979039,0.576204976
0.823485415,0.204981617,0.376858387,0.597089681,0.471907112,0.82262098,0.889351236,0.417368552,0.62800081
0.83171279,0.205798277,0.357465952,0.615017421,0.473290893,0.832293289,0.901245502,0.421082334,0.630916269
0.819745699,0.199673328,0.373626261,0.616996443,0.477442595,0.846957907,0.899263124,0.420920873,0.632342954
0.783844428,0.195181699,0.373626261,0.620721798,0.47882657,0.851794069,0.873492471,0.429559487,0.627690637
0.81750187,0.186198441,0.357465952,0.624912717,0.4741212,0.858502463,0.861598206,0.439059119,0.625395525
0.842931937,0.182115142,0.386554572,0.633643799,0.47882657,0.884087471,0.861598206,0.447563207,0.636747191
0.842931937,0.18824009,0.389786569,0.621187374,0.47384456,0.883775396,0.828889103,0.458273887,0.635754672
0.87434555,0.158840337,0.409179003,0.620721798,0.482424632,0.878159156,0.847269663,0.43408058,0.636747191
0.855646971,0.153532048,0.412411065,0.623864859,0.478272902,0.873791012,0.841329046,0.439301394,0.643446441
0.922961855,0.169456914,0.428571373,0.626076756,0.471630278,0.875039078,0.84504198,0.439059119,0.651324396
0.922213912,0.124540624,0.383322575,0.622351588,0.466648268,0.883931324,0.796032306,0.410829105,0.649091277
0.958115183,0.108207427,0.40271488,0.5883586,0.461389397,0.872387003,0.774497906,0.407034672,0.637305445
0.951383695,0,0.418875188,0.585564584,0.458068196,0.873323009,0.778210711,0.393363644,0.636809185
0.913986537,0.006533279,0.422107185,0.588824176,0.455023634,0.888767705,0.780438395,0.401840794,0.623720666
0.88855647,0.004083299,0.412411065,0.594644897,0.459451977,0.888143555,0.758161433,0.434161392,0.627194378
0.887060583,0.017558186,0.367162267,0.576251395,0.436756155,0.874103087,0.739597149,0.436502669,0.61851009
0.887808527,0.021641485,0.425339312,0.595110659,0.456684221,0.902496098,0.791576939,0.484781696,0.650890223
0.887808527,0.033891383,0.405946877,0.577997716,0.455023634,0.90171602,0.784151328,0.494792653,0.650517963
0.894540015,0.04859126,0.399482883,0.586146691,0.448657622,0.926521185,0.768557289,0.485804342,0.657837658
0.917726253,0.035116373,0.399482883,0.583469217,0.451702212,0.904212183,0.772270222,0.481552298,0.679982638
0.896783844,0.024499795,0.389786569,0.566356274,0.44229186,0.902808173,0.738112027,0.477300254,0.670181838
0.940164547,0.028583094,0.386554572,0.568800883,0.450595071,0.914352729,0.744795205,0.477084917,0.68320827
0.87210172,0.032666393,0.383322575,0.56810242,0.456684221,0.935725506,0.74850801,0.470922269,0.682588017
0.884068811,0.04818293,0.360698079,0.562747287,0.451148738,0.92558496,0.75593375,0.458623748,0.65566654
0.908750935,0.050632909,0.36393014,0.56647263,0.458344836,0.960998439,0.767072167,0.449716086,0.640903249
0.917726253,0.041649651,0.399482883,0.572526226,0.442015026,0.975507145,0.781923645,0.440404688,0.638546044
0.93118923,0.056349528,0.389786569,0.570430674,0.438416769,0.976911138,0.800487801,0.429290437,0.630420009
0.903515333,0.073091055,0.40271488,0.575552943,0.437863296,0.970358907,0.799002679,0.432788885,0.632777214
0.86013463,0.073499385,0.489980544,0.566007054,0.431220672,0.977847145,0.791576939,0.436960117,0.626387945
0.851907255,0.070232745,0.489980544,0.575669288,0.456961055,1,0.808656101,0.449366224,0.61305134
0.839192221,0.028583094,0.451195805,0.543073389,0.430390281,0.966770826,0.781923645,0.416991916,0.586936296
0.838444278,0.028583094,0.464124116,0.542374763,0.437309822,0.960218361,0.744052516,0.433327145,0.601513594
0.837696335,0.030624744,0.515837037,0.539231701,0.448104176,0.990639766,0.792319628,0.431604779,0.583462578
0.90276739,0.034708043,0.54169353,0.537718256,0.448104176,0.995319766,0.918556171,0.438843946,0.584765271
0.982049364,0.035116373,0.522301161,0.544470315,0.440907885,0.987519454,0.927467032,0.437309978,0.606972343
0.944652206,0.037566352,0.519069034,0.539697278,0.44450592,0.973634914,0.918556171,0.439731903,0.598225962
1,0.032258063,0.519069034,0.528288711,0.448104176,0.980031217,0.899249454,0.430070808,0.583710758
0.919222139,0.035524703,0.519069034,0.523981435,0.445336227,0.991887613,0.894051526,0.419548366,0.5698778
0.934181002,0.039199672,0.519069034,0.525843938,0.445613061,0.995787769,0.897764459,0.405608288,0.556293108
0.93118923,0.034299713,0.519069034,0.520139736,0.446720202,0.971606989,0.879942609,0.409564348,0.552199051
0.910246821,0.033483053,0.496444732,0.499999913,0.450871904,0.959594446,0.878457614,0.406308011,0.560759345
0.845175767,0.037974682,0.489980544,0.486379448,0.430943838,0.948985896,0.868804192,0.391318352,0.55337765
0.833208676,0.024908125,0.480284424,0.489871916,0.432604452,0.926053197,0.875487242,0.380257814,0.552261044
0.8578908,0.024499795,0.467356113,0.48544811,0.412676469,0.909828407,0.842071735,0.377082289,0.561875852
0.854899028,0.036341362,0.457659928,0.479511044,0.415167474,0.945553977,0.846527102,0.373287693,0.555796855
0.87210172,0.038383012,0.428571373,0.465075586,0.420979791,0.904992261,0.835388557,0.358136735,0.559828826
0.878833209,0.040832991,0.438267493,0.450989545,0.422086932,0.904368329,0.832418313,0.358540306,0.557347627
0.866866118,0.04736627,0.418875188,0.444586717,0.407971182,0.885023477,0.772270222,0.350574641,0.544259102
0.877337322,0.051857899,0.425339312,0.447147846,0.419319204,0.880499156,0.764844483,0.342945205,0.542025984
0.857142857,0.052266229,0.480284424,0.36100115,0.448934484,0.884087471,0.771527661,0.345891923,0.516035027
0.882572924,0.04573295,0.418875188,0.364260742,0.462219705,0.904056254,0.73217141,0.360773996,0.539110526
0.778608826,0.051857899,0.496444732,0.367986003,0.48021035,0.927457191,0.761874239,0.417260966,0.554556256
0.781600598,0.062066147,0.616030884,0.367869647,0.438416769,0.948674055,0.767072167,0.441050698,0.545003442
0.765145849,0.073091055,0.60956689,0.367171102,0.422086932,0.942901653,0.793804623,0.450523395,0.534520208
0.638743455,0.072274395,0.564317962,0.344935994,0.417658479,0.905616176,0.787121573,0.418767995,0.50517962
0.656694091,0.071049405,0.570782085,0.346216564,0.402158865,0.829641214,0.763359361,0.406496412,0.463308766
0.66118175,0.069824415,0.557853839,0.345285226,0.396069825,0.822152977,0.786379012,0.368040105,0.463805026
0.649962603,0.065332786,0.525533222,0.342724097,0.383891496,0.763806564,0.778210711,0.36038373,0.429563947
0.637247569,0.066149446,0.535229343,0.345168788,0.38942709,0.763650636,0.784896572,0.370865765,0.426214316
0.643979058,0.071049405,0.522301161,0.345285226,0.390257398,0.780655254,0.772270222,0.366936644,0.389554038
0.60433807,0.063699467,0.593406581,0.334109453,0.394962684,0.772074864,0.790834506,0.37573672,0.397866153
0.59237098,0.061657817,0.551389651,0.336554144,0.39247168,0.78159126,0.776725589,0.371646136,0.388003266
0.593866866,0.064107796,0.616030884,0.342374865,0.408524767,0.778471182,0.77746815,0.375817368,0.391476977
0.602094241,0.062474477,0.61926301,0.334924354,0.392748403,0.743681852,0.791576939,0.36742103,0.398610586
0.597606582,0.059616167,0.596638578,0.333527346,0.393301959,0.776911026,0.7626168,0.372426671,0.376279427
0.654450262,0.061249487,0.60956689,0.320954658,0.398837553,0.806240278,0.802715484,0.371081102,0.373922222
0.667913239,0.059207838,0.616030884,0.305820748,0.383891496,0.793291728,0.83687368,0.338437583,0.359593104
0.700822737,0.063699467,0.635423318,0.29895225,0.383891496,0.802028047,0.828705507,0.319276689,0.376899773
0.718773373,0.064107796,0.60956689,0.300465696,0.391641372,0.769734864,0.810141223,0.3172314,0.384777628
0.722513089,0.064107796,0.583710267,0.296623997,0.379463043,0.751014161,0.805685857,0.278694277,0.375038827
0.709798055,0.068191096,0.612798887,0.307217744,0.400498278,0.760530558,0.82053989,0.308215987,0.394268349
0.70381451,0.067782766,0.60956689,0.307566976,0.402989283,0.75413424,0.817569773,0.314297986,0.396253381
0.71802543,0.070232745,0.625727198,0.313387697,0.411015771,0.768954786,0.850242719,0.331790385,0.409403906
0.71802543,0.073091055,0.625727198,0.304772972,0.409908741,0.762246642,0.856183463,0.327376878,0.407108788
0.711293942,0.071049405,0.577246273,0.302095486,0.418488786,0.76770672,0.851727969,0.331010014,0.398796673
0.729992521,0.071049405,0.628959195,0.311059362,0.418212063,0.771918951,0.861381263,0.339890739,0.409279813
0.727000748,0.072682725,0.635423318,0.309778792,0.418212063,0.776131182,0.857668458,0.344896216,0.40791522
0.765893792,0.069416085,0.645119503,0.306169968,0.420426234,0.761778405,0.849500285,0.338921966,0.397928246
0.729244577,0.059616167,0.599870575,0.298370225,0.383891496,0.762558483,0.831678563,0.329772032,0.385273888
0.730740464,0.072682725,0.596638578,0.296623997,0.391641372,0.782683413,0.849500285,0.348744524,0.395136782
0.721017203,0.071457735,0.586942393,0.289289911,0.3944091,0.790327579,0.863609075,0.34664552,0.380311398
0.724008975,0.072274395,0.612798887,0.289289911,0.40271245,0.78689541,0.864351636,0.344035032,0.391601064
0.682124159,0.068191096,0.583710267,0.267287597,0.380293351,0.743369778,0.862123952,0.325654676,0.383661122
0.660433807,0.072274395,0.612798887,0.274854465,0.374757867,0.759282477,0.907420692,0.325708386,0.389429945
0.67539267,0.072682725,0.643826678,0.253550695,0.348187066,0.741185706,0.917074115,0.291073449,0.337448124
0.652206432,0.069824415,0.60956689,0.240861477,0.358151113,0.732293225,0.920044487,0.276998847,0.324049426
0.651458489,0.072274395,0.577246273,0.228288696,0.318848648,0.663026656,0.866579319,0.24448985,0.300539667
0.661929693,0.061249487,0.554621777,0.218509931,0.326321662,0.655070182,0.885143603,0.253666726,0.309037962
0.636499626,0.051041239,0.515837037,0.227706682,0.299474138,0.657878419,0.858411147,0.221319189,0.297190036
0.636499626,0.059207838,0.464124116,0.222933644,0.298090274,0.654758341,0.822767701,0.214376007,0.288319568
0.57816006,0.058799508,0.538461469,0.234924318,0.327428692,0.692199746,0.854698213,0.241610313,0.336083432
0.569932685,0.056757858,0.457659928,0.245867297,0.350401348,0.712636532,0.850242719,0.276057015,0.366850706
0.512341062,0.070232745,0.473820236,0.247147867,0.337116016,0.728081228,0.82053989,0.269059956,0.361888216
0.501121915,0.071866065,0.506140852,0.249708996,0.334901735,0.706552289,0.811629156,0.251406097,0.374914741
0.490650711,0.075949364,0.499676729,0.243189812,0.331303699,0.688455518,0.836134057,0.249549203,0.376961773
0.529543755,0.085340952,0.489980544,0.249825434,0.351231655,0.69921998,0.785639261,0.269140771,0.3765896
0.531039641,0.066149446,0.480284424,0.249010533,0.344035474,0.700780136,0.804203545,0.271643508,0.34904787
0.523560209,0.074316044,0.447963808,0.229569266,0.329919697,0.663650572,0.818312207,0.248338159,0.321630227
0.51907255,0.069007755,0.435035496,0.228288696,0.337946296,0.654446266,0.839846863,0.277106433,0.314682699
0.52131638,0.064107796,0.418875188,0.228754365,0.310545326,0.646489792,0.834648807,0.258941249,0.319583195
0.513089005,0.061657817,0.431803499,0.195227046,0.288956534,0.636817483,0.825737946,0.242821358,0.311022901
0.531787584,0.067782766,0.431803499,0.178929003,0.26819816,0.629641336,0.821282579,0.18251302,0.294460664
0.514584892,0.062474477,0.418875188,0.210593738,0.293108237,0.677379199,0.818312207,0.23079205,0.317784243
0.495886313,0.04573295,0.315449216,0.203143227,0.284251358,0.660998497,0.800490612,0.253774312,0.320265535
0.436798803,0.040832991,0.286360726,0.239115237,0.324937688,0.576599073,0.812371718,0.314997709,0.35425844
0.384442782,0.019599836,0.241111798,0.241210708,0.33324112,0.582215298,0.813114279,0.328991661,0.376465513
0.370979806,0.014291547,0.247575921,0.23364384,0.331857145,0.590795688,0.803460856,0.307489492,0.376217433
0.363500374,0.010208248,0.195862871,0.215366683,0.284528081,0.539469509,0.724005921,0.252321157,0.346504579
0.334330591,0.009799918,0.215255305,0.226891781,0.298366997,0.538533503,0.706184198,0.252617141,0.351591155
0.382198953,0.009391588,0.231415613,0.247380649,0.304456147,0.531981272,0.722520798,0.270297939,0.348923784
0.386686612,0.006533279,0.244343795,0.246216528,0.314696918,0.545085734,0.726976165,0.310422739,0.325600198
0.383694839,0.026541444,0.302521034,0.27008152,0.31801823,0.559126436,0.755936433,0.312925479,0.334780746
0.353777113,0.023274805,0.347769832,0.27217698,0.316634366,0.542277746,0.733659343,0.342070553,0.329011916
0.364248317,0.023274805,0.199094997,0.281024499,0.323000239,0.553822286,0.735144465,0.342016679,0.346938838
0.368735976,0.021641485,0.202327059,0.293946419,0.337669573,0.5297972,0.706184198,0.352027797,0.351653155
0.3934181,0.022866475,0.189398877,0.324912702,0.34763362,0.515288729,0.69133272,0.375171522,0.355685126
0.403889304,0.028991424,0.173238568,0.31792786,0.347910343,0.510452566,0.697273336,0.38981132,0.373674142
0.401645475,0.032666393,0.157724543,0.305704299,0.310822049,0.495787948,0.693560403,0.352835106,0.351156896
0.394913987,0.032666393,0.185520273,0.311059362,0.244118475,0.525273113,0.712124687,0.346376309,0.354196447
0.408376963,0.030624744,0.191338049,0.311757907,0.25186824,0.52121681,0.700986142,0.358567244,0.344643633
0.42408377,0.031441403,0.182934689,0.315832388,0.255466386,0.512792567,0.681679425,0.341774568,0.346504579
0.387434555,0.032666393,0.171945679,0.316763727,0.243288167,0.575975142,0.666827947,0.300600184,0.326096458
0.35078534,0.031441403,0.151906962,0.317694973,0.248823651,0.570982833,0.686134792,0.296751875,0.33360214
0.383694839,0.032258063,0.161603082,0.310128105,0.234984735,0.559594439,0.703213953,0.295836815,0.326468624
0.369483919,0.035524703,0.20685188,0.314318943,0.240243606,0.56848667,0.721035548,0.3172314,0.335959345
0.366492147,0.026541444,0.202973471,0.302211924,0.242457777,0.576286982,0.719550426,0.308969583,0.340301489
0.362004488,0.029399754,0.238526084,0.299301564,0.265983989,0.611076546,0.758164116,0.316693137,0.362632648
0.367988033,0.020824826,0.221719493,0.276135035,0.259341254,0.59001561,0.74628301,0.287467415,0.359158937
0.348541511,0.017558186,0.254040109,0.274156002,0.257680667,0.608892474,0.771530344,0.292257555,0.359034844
0.358264772,0.015924867,0.266968291,0.264377237,0.254912801,0.612012552,0.780441205,0.291207974,0.354630613
0.349289454,0.022049815,0.258564931,0.26379513,0.243841752,0.602340243,0.749995944,0.291100387,0.32715097
0.374719521,0.031441403,0.28894631,0.258207202,0.248823651,0.620280868,0.769302661,0.280685695,0.333478147
0.367988033,0.029399754,0.281189427,0.264377237,0.25380566,0.63962572,0.7767284,0.293414726,0.348675697
0.383694839,0.028174764,0.272786002,0.254249147,0.248270205,0.62808118,0.787866945,0.287279017,0.34830353
0.370231862,0.032258063,0.295410434,0.274854465,0.265707156,0.630889167,0.798262928,0.30490594,0.337386031
0.384442782,0.031441403,0.290239135,0.264842813,0.263492984,0.60717639,0.789352067,0.308808123,0.33837855
0.382946896,0.031441403,0.283775012,0.262398122,0.234431289,0.563650524,0.779698644,0.285126138,0.312511673
0.379955123,0.028174764,0.28894631,0.2604191,0.249100484,0.579251148,0.793807434,0.319276689,0.3122635
0.362004488,0.037158022,0.2430511,0.282654301,0.259894839,0.596879931,0.813114279,0.320110936,0.325848278
0.356020942,0.035116373,0.240465386,0.270197958,0.258234113,0.587831538,0.804203545,0.290535189,0.331989374
0.352281227,0.020008166,0.200387886,0.270430752,0.231940256,0.570982833,0.767074977,0.277590819,0.322064394
0.335826477,0.018374846,0.174531264,0.270547189,0.235261569,0.577535064,0.771530344,0.262224524,0.337572117
0.35302917,0.022866475,0.152553245,0.286146675,0.244118475,0.561466436,0.740342393,0.270782325,0.340735749
0.339566193,0.031033073,0.188105987,0.293713636,0.242457777,0.589859697,0.730688971,0.278532817,0.349916296
0.333582648,0.037158022,0.15707826,0.249476121,0.216717366,0.564742677,0.673511125,0.253585911,0.330624688
0.32460733,0.037974682,0.151260549,0.205005811,0.224190408,0.592199697,0.658659774,0.246050756,0.303517212
0.323859387,0.054307879,0.156431848,0.175785849,0.238582881,0.630889167,0.668313197,0.271159125,0.298802808
0.315632012,0.050632909,0.133807352,0.148894059,0.215333502,0.590327685,0.640838052,0.245969944,0.275851396
0.313388182,0.055124538,0.157724543,0.176717106,0.249100484,0.64196572,0.674996247,0.288113261,0.322994913
0.314884069,0.051857899,0.188752464,0.209778849,0.255466386,0.683151352,0.727718726,0.301649604,0.326220451
0.292445774,0.050224579,0.19004516,0.20209545,0.254082522,0.663026656,0.710639692,0.300923107,0.339867322
0.307404637,0.035524703,0.202327059,0.202444763,0.255743109,0.65054611,0.73662946,0.277725508,0.352335501
0.304412865,0.032666393,0.201680582,0.190803321,0.253528937,0.650389948,0.732916782,0.270513276,0.377023766
0.329094989,0.036749692,0.168713553,0.183469154,0.249930792,0.640093723,0.682421858,0.265857496,0.372867709
0.374719521,0.037566352,0.196509283,0.182305033,0.261832259,0.648205876,0.689847597,0.271347523,0.376465513
0.412116679,0.036749692,0.174531264,0.191851016,0.267644576,0.653198185,0.70915457,0.279582399,0.378946712
0.424831713,0.039199672,0.151906962,0.193248012,0.265707156,0.631357405,0.704698948,0.272558404,0.377458032
0.412864622,0.041241321,0.179702562,0.200582098,0.269582024,0.636193567,0.70915457,0.272208542,0.370510504
0.416604338,0.037158022,0.170652854,0.20593715,0.263492984,0.642745798,0.698015898,0.272827617,0.36592028
0.423335826,0.029399754,0.16806727,0.215483121,0.261832259,0.661622428,0.71583762,0.279394,0.378574539
0.430815258,0.029399754,0.144149949,0.211525077,0.255743109,0.657566344,0.716580181,0.279582399,0.369828164
0.436798803,0.027766434,0.157724543,0.221420291,0.254359245,0.65819026,0.712124687,0.288382311,0.363625075
0.42183994,0.033074723,0.164835144,0.218160699,0.25380566,0.678783209,0.710639692,0.293979924,0.357421985
0.418848168,0.034708043,0.156431848,0.219790489,0.25269863,0.66443065,0.694303092,0.300465495,0.351839242
0.436798803,0.037974682,0.167420857,0.221653073,0.249377235,0.668486734,0.725862323,0.293011155,0.347931264
0.430067315,0.0477746,0.176470565,0.222817287,0.26819816,0.686895596,0.721778237,0.307274153,0.367408959
0.433059088,0.052266229,0.170006442,0.207683378,0.263216151,0.687987515,0.712867376,0.309373157,0.348365524
0.389678384,0.061249487,0.169359965,0.204773017,0.27318017,0.712636532,0.704698948,0.313759726,0.346008319
0.362752431,0.061249487,0.147381946,0.205587918,0.265430405,0.690015674,0.687619914,0.313302278,0.34451964
0.370231862,0.059616167,0.15707826,0.215017463,0.270412442,0.685179511,0.698758459,0.312172046,0.340301489
0.382946896,0.057574518,0.166774381,0.209895287,0.266537546,0.689391508,0.695045653,0.3054442,0.322808826
0.366492147,0.059616167,0.159017433,0.199534403,0.263769707,0.712168529,0.714352498,0.306682019,0.333788227
0.355272999,0.059616167,0.090497726,0.180791681,0.247993343,0.681747359,0.703213953,0.278129079,0.314372619
0.348541511,0.065332786,0.098254738,0.179860342,0.236368709,0.668018731,0.684649669,0.282354188,0.296507696
0.356768886,0.071457735,0.132514527,0.164610076,0.225574383,0.666614737,0.629699507,0.276675923,0.288939914
0.362752431,0.057574518,0.164188667,0.18288714,0.225574383,0.680187202,0.652719157,0.281546878,0.292785805
0.357516829,0.071457735,0.163542254,0.16146684,0.228342111,0.667238653,0.648263663,0.27054005,0.283295084
0.347045625,0.073499385,0.153846134,0.162980192,0.215333502,0.678939121,0.595541311,0.208966792,0.297252036
0.334330591,0.075541034,0.147381946,0.146798599,0.214779945,0.686115518,0.598511556,0.197825605,0.306122503
0.331338818,0.075949364,0.126696816,0.073690353,0.230556282,0.69063959,0.605937167,0.188810192,0.292351632
0.359760658,0.073907714,0.085326427,0.081490096,0.229726002,0.698907905,0.588115572,0.192443329,0.269648306
0.376215408,0.074724374,0.066580405,0.096856893,0.225297549,0.689859746,0.576234466,0.200435929,0.26896596
0.373223635,0.068599426,0.06399482,0.105820757,0.203985591,0.664586578,0.553957377,0.189375391,0.273556283
0.375467464,0.073907714,0.034906201,0.11199071,0.20703018,0.678783209,0.576977027,0.196264697,0.287575229
0.385190726,0.070641075,0,0.110943027,0.128978695,0.651014113,0.556927621,0.184881235,0.274300623
0.364248317,0.074724374,0.473173824,0.110477357,0.153058381,0.655382272,0.556927621,0.176323434,0.285466203
0.299925206,0.075132704,0.451195805,0.098253808,0.1458622,0.654134191,0.555442371,0.138835735,0.278208601
0.25355273,0.070641075,0.46089199,0.098370246,0.146969341,0.661934503,0.571778972,0.141796084,0.275913389
0.26776365,0.071049405,0.455720691,0.0760187,0.140603329,0.62667717,0.535393093,0.131112179,0.254947015
0.26776365,0.072682725,0.44990298,0.082421435,0.132300007,0.611388387,0.549501882,0.140961839,0.262266611
0.275243082,0.068599426,0.402068468,0.077299258,0.115139779,0.58471146,0.523511859,0.126026054,0.254636842
0.247569185,0.061249487,0.405300594,0.073806791,0.107113181,0.571138995,0.50123477,0.100567826,0.240865971
0.249813014,0.051857899,0.349709069,0.065192147,0.081649631,0.542121818,0.458908402,0.072929781,0.215123187
0.243829469,0.051449569,0.332255936,0.060419121,0.081649631,0.538533503,0.453710346,0.079415519,0.212890075
0.247569185,0.051449569,0.310277917,0.05413273,0.075837203,0.527769041,0.438858996,0.071826487,0.213696414
0.237845924,0.055941198,0.358758842,0.06461004,0.07556048,0.538221662,0.460393524,0.083290764,0.235159141
0.244577412,0.054307879,0.376858387,0.06123401,0.075837203,0.529329197,0.444056924,0.064156646,0.242478743
0.238593867,0.050632909,0.34583066,0.047264326,0.058400252,0.477535249,0.407670917,0.042654475,0.239997545
0.240089753,0.041649651,0.321266927,0.037834688,0.027954582,0.43447737,0.379453339,0.031701523,0.207555411
0.234106208,0.028174764,0.307692333,0.01979051,0,0.400156044,0.36460186,0,0.169468448
0.242333583,0.058799508,0.400129166,0.035622883,0.03874902,0.44836191,0.435888623,0.018730218,0.201042149
0.247569185,0.080440993,0.503555139,0.067054731,0.096318854,0.585023535,0.546531638,0.090449119,0.262452697
0.246821242,0.075541034,0.47769871,0.060651996,0.070855304,0.547113893,0.513858565,0.078581271,0.240865971
0.246073298,0.075949364,0.51648345,0.064842927,0.076390788,0.564742677,0.554699938,0.074490687,0.245022035
0.216155572,0.080849323,0.500323142,0.055413289,0.045391644,0.557878371,0.526482232,0.068489503,0.251969464
0.228122663,0.073499385,0.458306405,0.058090867,0.047052341,0.532605422,0.493809031,0.063134,0.246200634
0.252804787,0.080440993,0.469295414,0.083934881,0.054248522,0.518096732,0.473017191,0.113296856,0.26251479
0.238593867,0.077174354,0.47058811,0.079161843,0.03487404,0.512168417,0.483413175,0.136332995,0.261088012
0.270755423,0.073499385,0.468648937,0.082887104,0.03874902,0.518096732,0.447027168,0.134583855,0.264747903
0.244577412,0.066149446,0.373626261,0.081490096,0.047329064,0.521528885,0.468561824,0.134825963,0.271074992
0.256544503,0.082074313,0.436328321,0.098835915,0.084417386,0.538533503,0.507175387,0.137651626,0.276099569
0.218399402,0.081665983,0.444085204,0.108381898,0.088292255,0.554914205,0.539105899,0.162329483,0.296693776
0.193717277,0.081257653,0.438913906,0.100116474,0.099917,0.563962599,0.524254548,0.161522174,0.293964404
0.191473448,0.080032663,0.438267493,0.101164169,0.101577587,0.553510211,0.510145631,0.130224221,0.30103592
0.192221391,0.080032663,0.480930707,0.096507568,0.102408005,0.544149743,0.490838914,0.129955011,0.288629741
0.186237846,0.082074313,0.488041307,0.088242156,0.092997542,0.54664589,0.449997541,0.145536807,0.286892889
0.201196709,0.080849323,0.478345122,0.085913903,0.112095218,0.556162286,0.461136085,0.167227373,0.239439291
0.19670905,0.081257653,0.473820236,0.094528547,0.12233596,0.54071759,0.445542174,0.177319142,0.238570859
0.200448766,0.077174354,0.4667097,0.110826589,0.12648769,0.559906514,0.458908402,0.181544087,0.236027574
0.197456993,0.083707632,0.454427802,0.116530861,0.107666765,0.545865812,0.443314363,0.173309209,0.229452311
0.174270755,0.083299302,0.43762121,0.117229417,0.09576527,0.539625656,0.378710777,0.150326947,0.227715452
0.180254301,0.084115962,0.444085204,0.108032666,0.102131171,0.527925188,0.375740405,0.153421823,0.23112717
0.194465221,0.080440993,0.447963808,0.088009374,0.087461948,0.475195015,0.294057658,0.139481745,0.217790472
0.204936425,0.077991014,0.396250757,0.07089643,0.044284503,0.451170147,0.28069143,0.096827103,0.197196264
0.207180254,0.078807673,0.399482883,0.056810297,0.060614424,0.458658385,0.26584008,0.111628364,0.18869797
0.188481675,0.078399343,0.352941131,0.044935979,0.052311102,0.422464827,0.25915703,0.086277887,0.163947699
0.175766642,0.079624333,0.38461527,0.04912691,0.065873267,0.460062378,0.250988602,0.103258964,0.171019221
0.177262528,0.072682725,0.378151276,0.036670567,0.057569834,0.470358853,0.262127146,0.102182442,0.154208805
0.165295438,0.085340952,0.392372283,0.041210717,0.094104683,0.493135874,0.272523258,0.129793548,0.163389352
0.152580404,0.070232745,0.388493873,0.002095471,0.073346309,0.465990694,0.258414341,0.114561777,0.147261375
0.145100972,0.071866065,0.39172587,0,0.085247666,0.483463315,0.268067763,0.121235749,0.153402372
0.150336574,0.067374436,0.471234522,0.025262,0.072515891,0.485179399,0.276978625,0.126564149,0.170833134
0.146596859,0.073499385,0.509372914,0.035855666,0.071685584,0.501092098,0.267325202,0.147797271,0.175547451
0.146596859,0.063291137,0.508080025,0.028521592,0.045391644,0.460062378,0.265097519,0.120132453,0.16183858
0.137621541,0.068191096,0.513897736,0.027706691,0.054248522,0.4592823,0.25915703,0.115342148,0.158675035
0.131637996,0.068191096,0.490627021,0.033760206,0.041793498,0.446489913,0.254701535,0.089265013,0.162955186
0.136125654,0.082074313,0.484809246,0.044819623,0.03985605,0.411856512,0.270295574,0.073844841,0.159791641
0.135377711,0.078807673,0.497737428,0.056344627,0.037365045,0.409984515,0.270295574,0.064856366,0.16680107
0.136125654,0.087790931,0.525533222,0.038416795,0.060337701,0.427769211,0.305196331,0.080599625,0.184665999
0.138369484,0.075541034,0.510019326,0.039580927,0.03985605,0.438221598,0.324503176,0.066605674,0.182618967
0.136873598,0.072274395,0.597284991,0.052270146,0.040686468,0.455850382,0.351978193,0.061250335,0.196513918
0.132385939,0.075949364,0.626373481,0.087078035,0.06947133,0.50889241,0.372770288,0.101133024,0.218472818
0.132385939,0.079216003,0.625727198,0.16309663,0.083310245,0.487207558,0.376483094,0.10732261,0.213696414
0.142857143,0.075132704,0.606981176,0.17159493,0.101854448,0.482995327,0.365344549,0.147716621,0.203399354
0.128646223,0.072682725,0.613445299,0.178579772,0.092720708,0.478159165,0.386136517,0.135929424,0.211029129
0.133133882,0.075541034,0.559146663,0.181955802,0.203432035,0.490639711,0.383908833,0.244570665,0.217356305
0.1421092,0.082890973,0.579185445,0.195459828,0.198173274,0.440873689,0.379453339,0.227158914,0.229018051
0.136873598,0.084115962,0.57336767,0.192898792,0.220315512,0.407956356,0.367572233,0.230549775,0.215619446
0.121166791,0.086565942,0.524240333,0.199534403,0.22225296,0.541029665,0.382423583,0.264673387,0.245580288
0.161555722,0.084932622,0.502262443,0.227124563,0.199833999,0.528393191,0.379453339,0.244193865,0.243037089
0.059087509,0.070232745,0.924369628,0.253317808,0.191807401,0.519656888,0.369057355,0.228585295,0.26369339
0.065071055,0.072274395,0.957336786,0.252619357,0.191530539,0.520748807,0.386879078,0.2246023,0.267787361
0.059087509,0.067374436,0.912087859,0.23399306,0.172156168,0.495787948,0.367572233,0.201377927,0.24266483
0.069558714,0.070641075,0.915319856,0.217462154,0.162745677,0.489859633,0.403958111,0.182566733,0.243781435
0.065071055,0.064924456,0.927601625,0.213271316,0.165790156,0.491419789,0.415839345,0.190774834,0.24713106
0.066566941,0.073091055,0.946347648,0.211874308,0.166897297,0.474259009,0.4047008,0.193815834,0.239811458
0.072550486,0.077991014,0.98319315,0.240046576,0.185164666,0.501872176,0.421037145,0.208374819,0.255753348
0.073298429,0.073499385,0.979961089,0.226658905,0.169665135,0.501560101,0.395047378,0.1871417,0.240183631
0.069558714,0.071457735,0.970264839,0.241909253,0.193744821,0.533853503,0.42697789,0.207298299,0.246262634
0.068062827,0.078807673,1,0.228754365,0.197619718,0.540873737,0.453710346,0.219731345,0.257366214
0.060583396,0.064107796,0.973497095,0.217112923,0.188209255,0.52418096,0.403958111,0.206383404,0.236896
0.072550486,0.071866065,0.927601625,0.223748545,0.183227217,0.476755171,0.415839345,0.221400001,0.251969464
0.069558714,0.073091055,0.950872534,0.201862656,0.173816755,0.491107714,0.398017622,0.20589902,0.234600888
0.074794316,0.069824415,0.882352698,0.172875488,0.141433747,0.476599009,0.387621639,0.17565065,0.228211712
0.074794316,0.070641075,0.872010101,0.178463334,0.159977839,0.469578775,0.392077006,0.180413854,0.227591366
0.076290202,0.070232745,0.850032081,0.183818386,0.153335215,0.429797136,0.383908833,0.187841423,0.227529366
0.077038145,0.074724374,0.903038151,0.190686883,0.15610297,0.471919009,0.387621639,0.195080591,0.238508772
0.077038145,0.09595753,0.903038151,0.18125735,0.150290653,0.480187324,0.402472989,0.198686789,0.22690902
0.0710546,0.091465901,0.89722044,0.181373695,0.140049883,0.456162222,0.374255283,0.18660344,0.224427821
0.071802543,0.072682725,0.907562973,0.17997678,0.172432891,0.455382144,0.361631744,0.187087988,0.218596904
0.063575168,0.054716208,0.86619239,0.181955802,0.163852708,0.42028074,0.363859427,0.182539959,0.200483896
0.071802543,0.04614128,0.819650896,0.165774208,0.142817611,0.391731816,0.332671348,0.161656698,0.199491376
0.072550486,0.040424661,0.858435506,0.141792779,0.131192866,0.388923579,0.305938892,0.167469484,0.197444345
0.082273747,0.064924456,0.851324971,0.138766062,0.128425139,0.382371348,0.299998403,0.157593052,0.201662495
0.072550486,0.062474477,0.821590068,0.126076844,0.100193723,0.348518009,0.268067763,0.119917116,0.174368845
0.059835453,0.066149446,0.812540296,0.12549483,0.122059237,0.351950177,0.237622373,0.099518242,0.159109301
0.049364248,0.010616578,0.798965572,0.124447053,0.089122673,0.331045387,0.218315656,0.069189061,0.14465609
0.066566941,0.04818293,0.892695554,0.134225911,0.071962334,0.347893859,0.273265819,0.072391521,0.168724015
0.051608078,0.057574518,0.879767242,0.147497144,0.099640166,0.311232532,0.233909568,0.11472324,0.184541912
0.032161556,0.059207838,0.943115651,0.129918543,0.108497044,0.311232532,0.097276658,0.118840596,0.130388966
0.032161556,0.060841157,0.915966203,0.121187461,0.125103826,0.287831596,0.119553748,0.136144597,0.128155847
0.035153328,0.058799508,0.91790557,0.118626332,0.114863056,0.257722266,0.073514447,0.13603701,0.137212308
0.047868362,0.065741116,0.869424645,0.073923229,0.067810715,0.205616243,0.072771885,0.079415519,0.109546579
0.04038893,0.065741116,0.843568087,0.076484369,0.079435349,0.221216868,0.085395552,0.099060794,0.104211922
0.047120419,0.062882807,0.852617795,0.07473813,0.101577587,0.259750425,0.103217147,0.100890749,0.100241945
0.036649215,0.059207838,0.862960393,0.067054731,0.081096074,0.233229411,0.092078603,0.084232597,0.087029333
0.02617801,0.04736627,0.82611489,0.050640344,0.076114037,0.226989021,0.059405529,0.074248415,0.073506648
0.023186238,0.057982848,0.859728396,0.076135044,0.116800505,0.248362032,0.112128137,0.102801516,0.088890279
0.017950636,0.053899549,0.833871903,0.066356279,0.093827849,0.23759757,0.102474714,0.087865567,0.076670186
0.014958863,0.053491219,0.873949531,0.068917408,0.104068619,0.227769099,0.092078603,0.078285122,0.066745255
0.01421092,0.057166188,0.851971512,0.090570503,0.110434493,0.12870515,0.054207602,0.10802233,0.089138365
0.010471204,0.058799508,0.789915864,0.073341122,0.073623032,0.076287053,0.002970245,0.061196459,0.061596679
0.013462977,0.04532462,0.702650135,0.042491288,0.057293111,0.049766038,0,0.038052734,0.033186566
0.005983545,0.04532462,0.691661126,0.039115258,0.03487404,0,0.0081683,0.039963337,0
0.005983545,0.043282971,0.708467911,0.04575088,0.035427597,0.036505523,0.042326496,0.042681414,0.017926922
0.005235602,0.041241321,0.76212007,0.05413273,0.023526129,0.097035914,0.031930512,0.026507645,0.02109051
0,0.04818293,0.821590068,0.054365605,0.027124275,0.142433778,0.016336473,0.038967629,0.034427165
0,0.038383012,0.8371039,0.042840519,0.047882649,0.167238833,0.06757383,0.04120132,0.074747247
0.002243829,0.043282971,0.858435506,0.072875452,0.098809859,0.15288618,0.115840942,0.106972749,0.122883184
0.000747943,0.037566352,0.846800084,0.069965092,0.103238312,0.107176336,0.080197624,0.157942914,0.093356515
0.005235602,0.035524703,0.76535226,0.048195653,0.12648769,0.07940724,0.086138114,0.259398861,0.105018348
0.007479432,0.04532462,0.800258462,0.07089643,0.173816755,0.10889242,0.111385575,0.225355897,0.132559991