AVGO,SYK,SWKS,SUI,SAP,QCOM,MHK,KB,ELS,ATVI,ANTM,AAPL
0.964890489,0.937342893,0.900297642,0.990258616,0.911864542,0.867305625,0.940375168,0.889426177,1,0.933228055,0.976560316,0.973573879
0.966441261,0.917399365,0.902116442,0.96506547,0.916836136,0.796535326,0.930659317,0.901353933,0.956123539,0.916929449,0.974727548,0.981722854
0.926059279,0.951004873,0.913855842,0.968424489,0.917966147,0.797641039,0.936970385,0.906189555,0.970622013,0.925078791,0.952638149,0.995809081
0.911544074,0.948492499,0.947420638,0.985891905,0.96225991,0.830446056,0.927586779,0.92198588,0.966806447,0.957676107,0.961223072,1
0.922399481,0.944723561,0.915013233,0.978837589,0.953672407,0.779211255,0.906327871,0.91457118,0.953834451,0.863301667,0.967010726,0.983352656
0.922089208,0.935772447,1,0.982196877,0.971073469,0.720973209,0.903836441,0.947775661,0.962991147,0.860935737,0.955724934,0.976833472
0.926307458,0.944095295,0.948082014,0.953308702,0.969265695,0.694802952,0.876515335,0.977433881,0.974437313,0.922187099,0.912317969,0.956460948
0.968240213,0.925879389,0.924437836,0.921061508,0.983050847,0.437891718,0.88033548,0.971953611,0.943914458,0.981335254,0.900646251,0.905355027
0.961540957,0.916614142,0.917162671,0.917030537,1,0.387025476,0.919033392,0.958091586,0.938191413,0.978180811,0.890421528,0.891152444
1,0.923523721,0.959160039,0.888478338,0.953220339,0.296719495,0.913303431,0.943907092,0.920259554,0.982386805,0.887334887,0.916181476
0.975870081,0.931375479,0.928406056,0.879744646,0.944180927,0.431256996,0.923268394,0.946808446,0.892789084,0.977392194,0.889746385,0.889173423
0.888220396,1,0.860780466,0.882096007,0.952090508,0.427939634,0.934728325,0.945196615,0.90576108,0.946897875,0.907880745,0.846449353
0.886917803,0.828517638,0.821263157,0.867315927,0.935141356,0.399557729,0.923434645,0.926821406,0.889355127,0.892218647,0.865149076,0.780791629
0.915576045,0.8498742,0.805555535,0.866980219,0.920678079,0.401032149,0.92484623,0.943907092,0.87829061,0.885646618,0.853573914,0.769150187
0.898951809,0.842179618,0.816137529,0.876721603,0.910282621,0.416144572,0.952748701,0.910380432,0.89507821,0.909831658,0.752676768,0.777182806
0.847279968,0.845791364,0.808862364,0.838763761,0.910734531,0.384445306,0.933067629,0.875241812,0.863029487,0.876445725,0.756438695,0.766356171
0.790583736,0.854742478,0.815145515,0.860933831,0.904180836,0.333947733,0.936223035,0.869439104,0.87867222,0.907202873,0.747275031,0.76728751
0.803362175,0.836369396,0.784887547,0.866644244,0.935141356,0.343899854,0.90732435,0.872340458,0.893170427,0.890378505,0.732902455,0.764144274
0.814899835,0.82569088,0.851355731,0.842794765,0.898305085,0.340951014,0.898687837,0.872340458,0.874856958,0.877497276,0.719301567,0.808148914
0.793747368,0.828046313,0.851521108,0.846153784,0.888587548,0.348322965,0.888141509,0.872340458,0.882106176,0.881703374,0.675605241,0.816414408
0.793561281,0.804491039,0.845403466,0.812562922,0.899886983,0.347217215,0.875269744,0.877175983,0.856924832,0.876971513,0.641844268,0.809546004
0.793871361,0.795069071,0.840112478,0.841115088,0.919774102,0.363435389,0.857083498,0.901353933,0.89507821,0.86645632,0.642519555,0.775902235
0.792072509,0.793027551,0.813326715,0.836748376,0.918192203,0.370070111,0.884072243,0.910057995,0.895459821,0.891955713,0.699527398,0.764377149
0.783512214,0.790672118,0.820436503,0.822304306,0.918418237,0.411352792,0.874273274,0.878787943,0.874093738,0.873816966,0.700974239,0.770779977
0.808634745,0.763662039,0.801917936,0.82633531,0.911412452,0.402137899,0.855754791,0.886202482,0.885539866,0.876182896,0.688916749,0.763212935
0.816636786,0.783134258,0.808366349,0.829022377,0.910508497,0.365647,0.871615842,0.86073501,0.874856958,0.869085079,0.709173391,0.762514472
0.821475184,0.831344161,0.812003931,0.80718825,0.880226079,0.351271804,0.871864962,0.859445487,0.844334141,0.923501478,0.733095413,0.756228175
0.831772244,0.820508704,0.793485364,0.807860235,0.879096068,0.346111317,0.866633489,0.855577047,0.852727923,0.91929538,0.730201586,0.757275858
0.804416688,0.783762524,0.784887547,0.786698059,0.861017085,0.331736122,0.873027684,0.835590006,0.843952798,0.907202873,0.735024583,0.735040668
0.807083973,0.747016359,0.773148147,0.7584816,0.879548136,0.333947733,0.832419815,0.839458414,0.806562373,0.928759128,0.733191825,0.74668211
0.802865915,0.745131781,0.767691765,0.740342501,0.870960475,0.32878743,0.807673007,0.839135977,0.802747112,0.927181788,0.712742369,0.738882367
0.790025477,0.721733683,0.761408746,0.734632122,0.850395593,0.327313011,0.794967494,0.831721438,0.790538031,0.956624557,0.700877837,0.742491179
0.77966633,0.693467308,0.750495982,0.727578074,0.831186576,0.32399565,0.799700985,0.808833011,0.761922997,0.931125058,0.69991318,0.732712415
0.764158606,0.705244944,0.756448363,0.701377235,0.812655503,0.316623699,0.773874705,0.791747292,0.767646042,0.91929538,0.667792007,0.74377175
0.770175609,0.706972347,0.719245984,0.737319458,0.811299458,0.301142754,0.780102905,0.801096132,0.807706937,0.884332133,0.646860223,0.731082613
0.783015955,0.692210995,0.723214205,0.754786605,0.834576271,0.319203869,0.774372944,0.808188233,0.816482328,0.894321643,0.620044374,0.700931324
0.785497246,0.703988632,0.780919327,0.760832961,0.86440678,0.336527903,0.779687667,0.864603449,0.829454324,0.940588806,0.633162933,0.71653081
0.770857955,0.700533843,0.765211573,0.798118851,0.849943503,0.334316292,0.84977571,0.835912315,0.866844787,0.946109284,0.639336358,0.733992973
0.750325741,0.732569156,0.788029115,0.808531918,0.856045311,0.33247335,0.865470767,0.81818185,0.893552037,0.969505681,0.639239947,0.765192132
0.739408248,0.737751097,0.861111087,0.838092044,0.865762825,0.344268376,0.852599127,0.828497743,0.896985994,0.951366828,0.619465634,0.79615824
0.762545834,0.76114943,0.853835922,0.84884112,0.85966104,0.342425434,0.85168565,0.800773694,0.90576108,0.948475109,0.653805347,0.795459777
0.769617356,0.750942238,0.887896849,0.852200139,0.852429401,0.340213823,0.854426075,0.770148259,0.908431816,0.969505681,0.669142436,0.809546004
0.785311166,0.760521383,0.847056888,0.852200139,0.840225989,0.314043566,0.846869166,0.754352063,0.894315257,0.973974608,0.670685833,0.790919626
0.827802273,0.737594156,0.842427276,0.799798495,0.853785446,0.296719495,0.868543304,0.748226918,0.860740094,0.980020979,0.69933444,0.806868344
0.828174533,0.745445914,0.843584683,0.80349349,0.856949266,0.292665089,0.896113531,0.756608672,0.85196497,0.998159622,0.694704402,0.820954571
0.832702763,0.747958523,0.848875671,0.880752339,0.862598983,0.280501358,0.882660659,0.765635074,0.93742846,1,0.759428933,0.828405082
0.810371604,0.729271308,0.806712926,0.832381396,0.819887141,0.246221922,0.881415068,0.713410735,0.834414454,0.967665513,0.739172436,0.794994201
0.80596746,0.724874339,0.836309502,0.901578774,0.813333446,0.273498077,0.83665495,0.728239845,0.993895612,0.991324869,0.727500718,0.825611078
0.811550203,0.707600378,0.832010527,0.909976489,0.769491593,0.276078247,0.861816873,0.701160542,0.990461655,0.943217565,0.737243122,0.83317812
0.815272094,0.715295195,0.844576697,0.918038196,0.739887119,0.260597154,0.855173434,0.687943262,0.982449484,0.970820165,0.771293465,0.835157142
0.792754855,0.707129288,0.822089926,0.905945485,0.752994328,0.335053483,0.855505671,0.849452031,0.970240403,0.972660333,0.773704963,0.858090795
0.807890406,0.711526257,0.81861772,0.890157746,0.744180791,0.343162625,0.841554435,0.834622792,0.94582228,0.984226973,0.760297034,0.857508688
0.825445161,0.679491194,0.795138902,0.87705731,0.734689311,0.337633653,0.822703839,0.859445487,0.933613199,0.987381599,0.716504297,0.84994182
0.823398129,0.680747507,0.755125595,0.845482068,0.740339028,0.326207261,0.803770118,0.863636364,0.913010336,0.929547745,0.738979478,0.844819562
0.846225455,0.683260116,0.741567395,0.868659595,0.753672452,0.326207261,0.79172883,0.87943256,0.924074854,0.91035742,0.735603323,0.82805585
0.842131484,0.688128175,0.762731514,0.873698291,0.748022734,0.334316292,0.791230599,0.883301128,0.928653069,0.905888493,0.7278865,0.809313128
0.804602774,0.670697257,0.771329347,0.883775651,0.736497266,0.351271804,0.781597615,0.848807253,0.935139372,0.928233339,0.730008628,0.802444712
0.777991471,0.664258768,0.774801553,0.88142429,0.757966124,0.341688243,0.799534866,0.854609994,0.94582228,0.943480499,0.752483809,0.810710043
0.787420192,0.776538812,0.779761919,0.862613239,0.754576429,0.346111317,0.812157386,0.85138617,0.913773289,0.950052528,0.749782941,0.80838179
0.801935396,0.770571633,0.746693138,0.858246528,0.743728881,0.33247335,0.789985009,0.834300484,0.896985994,0.884857922,0.730683915,0.778463376
0.860616666,0.757380491,0.766534357,0.838763761,0.741243006,0.330261703,0.807091775,0.847195293,0.877527695,0.890904162,0.711874259,0.781839313
0.872216505,0.774183379,0.766534357,0.870339238,0.735141379,0.343162625,0.799867103,0.837524146,0.87867222,0.874079794,0.720941521,0.786030244
0.861485092,0.806375634,0.828042306,0.848505144,0.771525582,0.381496614,0.833167175,0.890070922,0.873330785,0.91403773,0.73434944,0.822002254
0.826933841,0.806846708,0.825892885,0.84884112,0.765423774,0.402137899,0.815146922,0.882333914,0.877909305,0.889852716,0.730876873,0.829569296
0.825383068,0.784233614,0.820436503,0.848505144,0.761129944,0.390342837,0.803770118,0.873952289,0.872949175,0.887749615,0.714671539,0.809196772
0.810371604,0.755653105,0.782572733,0.782667088,0.73310739,0.359749468,0.777694601,0.855899387,0.831362145,0.85751836,0.696537025,0.781606437
0.850505599,0.751413328,0.756448363,0.800806187,0.718418102,0.345742795,0.785832875,0.854932302,0.825257452,0.84358558,0.69933444,0.75646105
0.852180458,0.771356621,0.808366349,0.797447135,0.760904068,0.36159241,0.812987738,0.906189555,0.834032844,0.874342728,0.729526444,0.823282824
0.834935882,0.78643209,0.808201087,0.808867894,0.776949266,0.343899854,0.807008782,0.929077982,0.857306442,0.873028349,0.721134334,0.811874257
0.793127022,0.795697117,0.804398128,0.816929633,0.781468949,0.359012277,0.810496558,0.939393907,0.838229753,0.90404822,0.707919373,0.797089579
0.771664388,0.792556461,0.772156116,0.827006993,0.798644158,0.356063438,0.822952959,0.919084526,0.843571188,0.890904162,0.706665346,0.7689173
0.824142469,0.790043836,0.759589946,0.853879783,0.794350305,0.368227169,0.823783311,0.901353933,0.89507821,0.942428948,0.715925556,0.759371411
0.837727254,0.770728574,0.803240721,0.8441384,0.775593198,0.376336164,0.829762392,0.943584784,0.893933647,0.876182896,0.691906987,0.777648382
0.844426596,0.81359911,0.800760546,0.842794765,0.791864429,0.385182534,0.832835054,0.979045712,0.887828954,0.901156632,0.669914135,0.695110602
0.824142469,0.801507575,0.810515902,0.84648976,0.764519797,0.377073392,0.807257893,0.966150903,0.875238568,0.884857922,0.665477065,0.679743817
0.831089898,0.812499989,0.825231493,0.866980219,0.769265559,0.365647,0.804434351,0.954867763,0.889736737,0.876182896,0.680717598,0.688707774
0.850133432,0.753611805,0.845734104,0.841787073,0.747118757,0.351271804,0.71881737,0.980012927,0.861884657,0.868822145,0.639529317,0.70104768
0.819304065,0.780307735,0.851190486,0.823647974,0.751186554,0.375230414,0.733682083,1,0.86798935,0.907465701,0.653708935,0.734807967
0.808572752,0.785175793,0.835648109,0.805508875,0.719774147,0.380022195,0.74314894,0.981624758,0.83670358,0.863038838,0.707630003,0.726426105
0.831586158,0.797424504,0.826884916,0.851192481,0.715706328,0.378179253,0.765985675,0.993230206,0.861884657,0.875919962,0.711681301,0.718859063
0.835183962,0.787217313,0.853505284,0.876049618,0.729039593,0.401032149,0.775120295,0.976789136,0.879435478,0.86251305,0.708305145,0.697671731
0.872774765,0.806218442,0.856316097,0.871346931,0.763841876,0.40582393,0.754027514,0.914248872,0.88325074,0.86645632,0.708691062,0.698486539
0.855964349,0.787688403,0.819444489,0.863285191,0.757514215,0.509399245,0.798123149,0.887169568,0.880580003,0.873028349,0.704832578,0.706402813
0.848086401,0.77434032,0.793320119,0.828350661,0.732203412,0.49133813,0.789735889,0.883301128,0.825639062,0.873028349,0.696729984,0.695459834
0.84858266,0.765546398,0.784556909,0.811219254,0.741016972,0.497604183,0.800614454,0.872018021,0.837848143,0.85120916,0.722195394,0.689406237
0.850567599,0.77481141,0.795965556,0.778636084,0.74259887,0.510505106,0.795797971,0.885880045,0.793590377,0.857781189,0.726729029,0.683352629
0.856584602,0.740263722,0.775462945,0.736311766,0.726101808,0.489126519,0.799202745,0.858478433,0.767646042,0.85120916,0.726632617,0.668568126
0.834749795,0.758479863,0.758597916,0.752099269,0.741694893,0.488020769,0.797874038,0.882011605,0.811903808,0.86487898,0.736182053,0.644936009
0.823212043,0.697864276,0.742063526,0.732616771,0.721130011,0.455952981,0.786829345,0.853965216,0.779855123,0.784963108,0.72229195,0.642491237
0.831089898,0.698806456,0.73082014,0.746724866,0.728813559,0.467379337,0.787742815,0.867182495,0.771461342,0.798895757,0.722484764,0.637019747
0.812604722,0.707600378,0.725033004,0.783338771,0.70576278,0.456690025,0.780352025,0.842682108,0.786722731,0.787854801,0.717565365,0.62677522
0.807083973,0.678549015,0.693452385,0.76855896,0.69265539,0.436048777,0.746470597,0.839780754,0.797024029,0.749211245,0.704736176,0.609895163
0.772780894,0.685929683,0.68915341,0.809875586,0.714124429,0.460376092,0.763826491,0.865248227,0.83594036,0.763406854,0.714092799,0.625727525
0.778239644,0.662060276,0.652943045,0.807860235,0.701921017,0.441946308,0.741488111,0.882656383,0.826402016,0.739747497,0.698176969,0.61885912
0.764902946,0.670854213,0.66302904,0.802149822,0.73785313,0.451898391,0.746636716,0.878787943,0.838611058,0.774184981,0.683997351,0.624912717
0.736492784,0.671325303,0.66600523,0.799798495,0.72,0.446738088,0.730194307,0.867504803,0.811903808,0.774447915,0.674737131,0.620954498
0.715216236,0.686871862,0.702876987,0.801813846,0.788248701,0.486546349,0.765321317,0.86073501,0.814956155,0.806782271,0.681971625,0.645983704
0.703740483,0.683574014,0.694609792,0.833725064,0.771977469,0.459638864,0.762747019,0.81818185,0.828309799,0.793112451,0.677052227,0.621536605
0.724148697,0.688599265,0.751818766,0.863956907,0.791638554,0.501290214,0.787825816,0.814635719,0.845478705,0.843848514,0.684190165,0.645867348
0.730289694,0.707600378,0.80208333,0.875713642,0.801356068,0.514191026,0.786580226,0.816892328,0.870660048,0.849631847,0.703675108,0.651222318
0.773773413,0.709170823,0.78373014,0.897211794,0.791864429,0.497972853,0.755023984,0.798517086,0.8412821,0.868559316,0.734445852,0.643655451
0.738291735,0.702575378,0.784556909,0.904266076,0.774689401,0.49281255,0.756850931,0.785944584,0.858451006,0.855941021,0.72200258,0.64644928
0.784318647,0.705401901,0.759920585,0.903594125,0.757288181,0.509767915,0.757598291,0.803997357,0.865318614,0.842008372,0.721327293,0.63643764
0.79988837,0.711683449,0.797122963,0.915015152,0.78192104,0.539992762,0.764823086,0.83107666,0.858451006,0.846477299,0.728465375,0.65192077
0.792320589,0.725188472,0.761408746,0.907289153,0.763163932,0.510873665,0.748629665,0.816569987,0.835559017,0.806519337,0.701649536,0.604540193
0.799019938,0.70932778,0.767691765,0.892509073,0.727457672,0.514928218,0.753280155,0.812056673,0.820297628,0.809411056,0.689977818,0.628055778
0.767198151,0.719692148,0.770833332,0.859926172,0.754124339,0.517876909,0.764075603,0.845261154,0.795497856,0.797318549,0.690170776,0.638183961
0.774393666,0.708542557,0.810185132,0.851864164,0.744858893,0.537412592,0.748795784,0.843649323,0.793208767,0.782860112,0.674640729,0.65483113
0.743998565,0.69974862,0.792162712,0.833389357,0.713220452,0.53556965,0.728782466,0.846872985,0.783670423,0.752891555,0.670589422,0.641210666
0.754791972,0.719378015,0.845899481,0.813234638,0.769265559,0.519351329,0.733931203,0.851063862,0.776802777,0.786277488,0.672325633,0.682654178
0.770609776,0.728171952,0.912037043,0.837084352,0.802485921,0.558791068,0.726042174,0.840747937,0.772605905,0.852523539,0.678788428,0.752619351
0.785497246,0.75973616,0.886739442,0.838763761,0.801356068,0.537043922,0.734097197,0.830109607,0.821442153,0.851997777,0.68592652,0.757042982
0.783822387,0.753611805,0.859953696,0.802485563,0.804971797,0.561739907,0.7302773,0.821405513,0.797786982,0.833859004,0.679367169,0.746332879
0.787978445,0.756281371,0.864748686,0.848505144,0.818531096,0.586067223,0.734429434,0.826885912,0.838611058,0.832807453,0.670107093,0.740279282
0.85999632,0.760364207,0.869212905,0.864292883,0.826666689,0.57574658,0.727619877,0.800773694,0.83670358,0.828864314,0.678692026,0.757974321
0.855840262,0.763818996,0.85697749,0.759825268,0.793220475,0.577220853,0.724132101,0.776595745,0.766119869,0.826498358,0.679753085,0.7315482
0.853234977,0.736495035,0.836309502,0.750083885,0.803163864,0.527460471,0.726789525,0.78110893,0.764593734,0.80073603,0.628243525,0.726658818
0.842999917,0.721105417,0.835152111,0.751091577,0.78192104,0.530040641,0.709765751,0.784977498,0.75124009,0.80073603,0.637600147,0.737252565
0.857391035,0.709956046,0.827380914,0.761840653,0.774689401,0.536675363,0.698471939,0.811089587,0.755818304,0.792849517,0.635285061,0.736554114
0.733701412,0.703360601,0.829861106,0.74403753,0.786214712,0.5709548,0.707523566,0.789490683,0.786341121,0.817560398,0.620044374,0.739580819
0.764034519,0.689855562,0.819609734,0.803829231,0.781242915,0.577958044,0.695565396,0.779497099,0.821442153,0.798895757,0.606347084,0.733410866
0.766143638,0.688442073,0.815476137,0.781995103,0.774237333,0.599336668,0.673393018,0.790457769,0.792827119,0.780231221,0.583486131,0.738766011
0.774765932,0.668655721,0.812003931,0.762176629,0.762033921,0.601548168,0.662680571,0.778530013,0.756199914,0.762355303,0.571814412,0.740977908
0.772594814,0.639918271,0.793981512,0.708431316,0.747118757,0.542204225,0.649725931,0.768536428,0.731781791,0.729758092,0.570946312,0.730151286
0.764778952,0.608982314,0.782903371,0.719852075,0.721130011,0.48507193,0.636937292,0.745648001,0.739412352,0.710567794,0.57364717,0.724097677
0.745797418,0.588567696,0.739087335,0.688276833,0.720678124,0.457058731,0.639179478,0.748871663,0.688668588,0.686382675,0.568148887,0.697438856
0.757211177,0.607883193,0.820932518,0.676519829,0.738305198,0.478805877,0.660106265,0.811412057,0.660816469,0.753417343,0.61338862,0.758207196
0.73066196,0.627669545,0.792162712,0.654014019,0.711638531,0.458533151,0.667829176,0.815925242,0.678366985,0.743690767,0.627761197,0.760884682
0.752744946,0.608668416,0.771659985,0.685589497,0.708474712,0.455584311,0.653961065,0.768214088,0.680274768,0.733175468,0.619465634,0.765541363
0.712548858,0.608982314,0.773148147,0.672824801,0.680904068,0.431994187,0.689503322,0.776595745,0.684853021,0.72634061,0.631812494,0.740512158
0.771478208,0.596419454,0.771329347,0.697346265,0.708926599,0.455952981,0.680285577,0.759187589,0.694391366,0.732649811,0.606829413,0.732479539
0.761243148,0.609453403,0.761904745,0.672824801,0.71525426,0.449318258,0.686015538,0.77176009,0.654711814,0.696635013,0.583678944,0.740977908
0.742199713,0.609139506,0.7468584,0.653006327,0.707118667,0.429782576,0.683524233,0.765957511,0.666920857,0.680073579,0.603935586,0.729569179
0.711990599,0.626570424,0.754133565,0.659724398,0.72,0.441209079,0.667829176,0.718891006,0.676077897,0.675867481,0.608469212,0.682421477
0.713479377,0.611180806,0.745204977,0.640577607,0.685649808,0.440471888,0.67081872,0.707930335,0.664631769,0.656677051,0.604514317,0.654132679
0.695676542,0.622644545,0.753637549,0.635203203,0.652429424,0.424990943,0.648895454,0.694713056,0.621518566,0.649842194,0.604996645,0.660302632
0.674710068,0.629868021,0.74107138,0.657037331,0.663276972,0.380759423,0.665919227,0.699548678,0.640595255,0.654836909,0.617825834,0.665541246
0.68320827,0.623586709,0.726851804,0.668122114,0.653559435,0.392185779,0.688423726,0.66408775,0.64593669,0.646161884,0.597858563,0.654714786
0.664288828,0.633008677,0.725694396,0.665099071,0.636384249,0.397346266,0.689337195,0.652482302,0.631438521,0.634332205,0.585222332,0.620605267
0.673593462,0.617305161,0.799437761,0.699361616,0.648135593,0.377810584,0.723301749,0.675048291,0.640976865,0.625394246,0.589177228,0.622235057
0.67700518,0.630182154,0.779100527,0.651326683,0.637966169,0.371544531,0.718900495,0.701805287,0.623426044,0.610935809,0.596218763,0.620954498
0.651386483,0.620759951,0.796130933,0.70104126,0.680451977,0.370070111,0.719481728,0.724371406,0.668065726,0.610935809,0.532844671,0.630849794
0.648222851,0.602857958,0.794642904,0.684245829,0.663502825,0.36306683,0.69755847,0.701805287,0.620755308,0.598317513,0.493778374,0.620488911
0.662365883,0.579145728,0.756448363,0.699697592,0.564519842,0.351640326,0.690499793,0.669568021,0.653567251,0.571766464,0.487894309,0.604540193
0.653619508,0.576318985,0.756944378,0.689956208,0.567909718,0.357537857,0.701793596,0.680850999,0.65051521,0.573869566,0.490498765,0.606519215
0.663048229,0.561557869,0.717427201,0.693315261,0.565649853,0.355694916,0.684603829,0.644745326,0.64212139,0.558096617,0.47815176,0.586030171
0.650890223,0.547267622,0.713954996,0.705072264,0.564971751,0.357906379,0.663344929,0.642811025,0.661579422,0.553364757,0.474100463,0.592083768
0.628683156,0.548209786,0.70949076,0.663755403,0.559548068,0.366015521,0.670154362,0.681818214,0.592521884,0.54363818,0.479598746,0.599417935
0.632094874,0.531878004,0.68816138,0.611689466,0.545988768,0.362329638,0.647483745,0.60477118,0.571919022,0.53364867,0.46078909,0.590337622
0.603684712,0.539415864,0.690145424,0.623782176,0.572203367,0.384445306,0.653379833,0.581560284,0.58260193,0.539432082,0.474679203,0.599068703
0.600397081,0.542242371,0.732308169,0.629828565,0.565875729,0.456690025,0.648978455,0.592843295,0.583365188,0.550998931,0.484325195,0.597089681
0.605173392,0.544440864,0.755290972,0.63587492,0.573333379,0.499815794,0.638598121,0.596067086,0.594429668,0.54994738,0.484421742,0.615017421
0.589355588,0.54616825,0.760085962,0.618407772,0.576271186,0.49244388,0.63585782,0.635396486,0.579168278,0.564931606,0.473039403,0.616996443
0.576204976,0.54616825,0.720403392,0.598925005,0.570621469,0.500184353,0.636189933,0.647969117,0.575734322,0.558359577,0.469759795,0.620721798
0.62800081,0.551507399,0.711640181,0.577426887,0.573107345,0.497972853,0.6258926,0.64764668,0.549408682,0.554153479,0.458474003,0.624912717
0.630916269,0.55511938,0.719245984,0.547195044,0.597740203,0.505713325,0.631705687,0.65667305,0.533002729,0.54994738,0.467637667,0.633643799
0.632342954,0.563285035,0.692294977,0.544843717,0.591864452,0.499078603,0.635691702,0.672791683,0.51354443,0.562828505,0.475258078,0.621187374
0.627690637,0.558888067,0.696593952,0.554921076,0.590960475,0.530040641,0.645324677,0.668600935,0.484547787,0.571503635,0.464551027,0.620721798
0.625395525,0.563599169,0.699239388,0.528720238,0.585084904,0.524880338,0.640508194,0.684397131,0.474628099,0.580178661,0.480949185,0.623864859
0.636747191,0.562813946,0.684193159,0.532750973,0.596384339,0.530777869,0.649227699,0.692778885,0.473483269,0.578864255,0.460692543,0.626076756
0.635754672,0.575376805,0.695767183,0.547195044,0.598192113,0.531515061,0.632868276,0.70309481,0.504387696,0.568874745,0.457027162,0.622351588
0.636747191,0.572079193,0.683531767,0.538125645,0.572429401,0.504976134,0.62987874,0.694390716,0.504769001,0.556782238,0.433780282,0.5883586
0.643446441,0.572393106,0.685350566,0.56264684,0.584632814,0.514559548,0.624813128,0.713410735,0.528805819,0.552050377,0.439182019,0.585564584
0.651324396,0.557945887,0.672123004,0.581457891,0.584180927,0.510505106,0.644411208,0.700838201,0.561999068,0.543112418,0.464551027,0.588824176
0.649091277,0.571450927,0.676091225,0.536446001,0.579209153,0.518982807,0.632286919,0.680528691,0.514688955,0.540483632,0.474775749,0.594644897
0.637305445,0.570351806,0.655919252,0.536781977,0.564745876,0.510136437,0.64474332,0.684074823,0.497520088,0.528391126,0.480081074,0.576251395
0.636809185,0.573649403,0.700066157,0.544172001,0.58960461,0.547364675,0.66533787,0.726627982,0.507058432,0.547844279,0.485868583,0.595110659
0.623720666,0.574748775,0.695767183,0.5623111,0.572655458,0.537781114,0.651220641,0.722759574,0.504387696,0.552313311,0.492427935,0.577997716
0.627194378,0.556532634,0.69874339,0.55223374,0.572203367,0.567268732,0.661185737,0.724048968,0.499046223,0.551524588,0.493874776,0.586146691
0.61851009,0.577418341,0.71527778,0.566006128,0.542824949,0.573534933,0.657864079,0.714377789,0.500572396,0.554679241,0.50139864,0.583469217
0.650890223,0.548209786,0.709986775,0.520322522,0.512542373,0.562477099,0.648895454,0.68665374,0.45478819,0.550998931,0.462621712,0.566356274
0.650517963,0.55464829,0.714120373,0.528384262,0.522034034,0.571323322,0.658445436,0.677627337,0.452499063,0.562039887,0.482492572,0.568800883
0.657837658,0.53297736,0.69990078,0.515283859,0.523389898,0.577958044,0.652798468,0.617021244,0.442960719,0.554153479,0.474486389,0.56810242
0.679982638,0.52999366,0.682704998,0.531071598,0.509604588,0.553262206,0.634030873,0.594455126,0.465852708,0.549421592,0.472267705,0.562747287
0.670181838,0.522612976,0.675264572,0.574403844,0.500791028,0.545890256,0.645989035,0.598646003,0.501335349,0.537854873,0.467155338,0.56647263
0.68320827,0.51947232,0.648148188,0.615048753,0.497175141,0.507556304,0.627138315,0.579948453,0.552842333,0.524185027,0.470627905,0.572526226
0.682588017,0.528109301,0.654761845,0.604971394,0.49875704,0.497235661,0.63328339,0.562862637,0.576115932,0.517612998,0.468988096,0.570430674
0.65566654,0.536118016,0.645998635,0.606986745,0.511186486,0.496866992,0.646819387,0.576079884,0.576497542,0.498159766,0.470531494,0.575552943
0.640903249,0.545383027,0.643353198,0.615720436,0.507118689,0.494286822,0.650805402,0.577047099,0.584891323,0.487907401,0.470242123,0.566007054
0.638546044,0.549466099,0.676091225,0.631508209,0.507570757,0.517876909,0.662265333,0.592843295,0.569629934,0.499999908,0.479888116,0.575669288
0.630420009,0.510364266,0.644179852,0.638898232,0.478192158,0.498341412,0.619332287,0.570277176,0.582220625,0.447160848,0.45914929,0.543073389
0.632777214,0.510678399,0.657738035,0.65233461,0.479096136,0.507556304,0.633615635,0.562217859,0.583365188,0.46188214,0.460017401,0.542374763
0.626387945,0.521513856,0.642361052,0.662075759,0.482486011,0.52561753,0.616010629,0.597034172,0.574589759,0.458201804,0.44959971,0.539231701
0.61305134,0.512091652,0.652447047,0.621766825,0.499887051,0.52266869,0.610612781,0.60831715,0.533765644,0.445846469,0.45046781,0.537718256
0.586936296,0.490420847,0.67559521,0.578098603,0.496949266,0.521194271,0.608453713,0.58833011,0.491415395,0.449789633,0.444197973,0.544470315
0.601513594,0.488379438,0.673280412,0.597245361,0.477514237,0.508293495,0.604218453,0.601869826,0.487218485,0.452681326,0.453361637,0.539697278
0.583462578,0.475502429,0.669642813,0.575075527,0.461920949,0.497604183,0.579388777,0.584783978,0.463181971,0.452418497,0.415067038,0.528288711
0.584765271,0.466237417,0.604828035,0.577090911,0.468474644,0.513085276,0.581298725,0.57865893,0.449065107,0.453995706,0.449020969,0.523981435
0.606972343,0.466394484,0.599867669,0.561639148,0.461694915,0.498710081,0.591263821,0.59735648,0.431896201,0.456361662,0.438603278,0.525843938
0.598225962,0.458542726,0.594411419,0.548874721,0.462146983,0.461481842,0.601644155,0.598646003,0.431133286,0.443217604,0.444680302,0.520139736
0.583710758,0.443938456,0.608134864,0.565670152,0.46350287,0.441209079,0.598073378,0.592198517,0.438763847,0.462145074,0.446609471,0.499999913
0.5698778,0.427920807,0.601190453,0.552905457,0.445423864,0.40692968,0.589104753,0.586395809,0.429988418,0.502365865,0.43503431,0.486379448
0.556293108,0.428077874,0.605489428,0.530399613,0.444971797,0.365647,0.523085851,0.580270793,0.422739467,0.305204997,0.428860739,0.489871916
0.552199051,0.413787737,0.59259262,0.540812981,0.446779751,0.366015521,0.517522009,0.577369407,0.417016422,0.291009388,0.399151209,0.48544811
0.560759345,0.415358057,0.594080665,0.510916879,0.450621514,0.380022195,0.516691532,0.58833011,0.369324699,0.313617168,0.399054652,0.479511044
0.55337765,0.412531425,0.587632253,0.495801092,0.434576339,0.365647,0.511542928,0.599613217,0.361693833,0.317297504,0.381884805,0.465075586
0.552261044,0.42870603,0.590443083,0.493113756,0.463276836,0.36933292,0.528234456,0.595099903,0.363601616,0.312565617,0.403781246,0.450989545
0.561875852,0.429177104,0.583002657,0.486059708,0.448587706,0.357537857,0.533549187,0.568987782,0.357497228,0.324658229,0.390083957,0.444586717
0.555796855,0.424937218,0.593419273,0.476990276,0.422372927,0.37559912,0.532220471,0.575757576,0.314765369,0.324658229,0.420275806,0.447147846
0.559828826,0.431375596,0.593419273,0.502183423,0.44045209,0.385919726,0.531971351,0.559961251,0.3655094,0.317823266,0.356130016,0.36100115
0.557347627,0.415358057,0.614087261,0.482700656,0.436384294,0.392554485,0.528815821,0.546099226,0.358260182,0.302050449,0.356515797,0.364260742
0.544259102,0.427606784,0.597883624,0.489418727,0.431638554,0.41577605,0.526407508,0.550290103,0.368180136,0.302050449,0.348509749,0.367986003
0.542025984,0.388976151,0.581349234,0.501511471,0.424858825,0.408772622,0.528732695,0.556092843,0.366653963,0.298370113,0.339345941,0.367869647
0.516035027,0.393373119,0.595568826,0.509909187,0.433898395,0.513822504,0.528151463,0.538362347,0.370469263,0.300736044,0.351982316,0.367171102
0.539110526,0.399497475,0.602182483,0.519314595,0.397966102,0.443789249,0.523916203,0.499677627,0.417016422,0.288643431,0.318414157,0.344935994
0.554556256,0.398084221,0.56746028,0.510916879,0.39050861,0.439366138,0.479488447,0.497098711,0.405188951,0.273659232,0.317739015,0.346216564
0.545003442,0.403423354,0.542658694,0.473631257,0.392768475,0.734242691,0.459724249,0.48968401,0.35062962,0.285226055,0.322272641,0.345285226
0.534520208,0.409390643,0.373842584,0.460866562,0.388926689,0.791743656,0.449426915,0.486460348,0.31858063,0.282334363,0.297964701,0.342724097
0.50517962,0.413630671,0.387235408,0.478669685,0.391638441,0.817176574,0.434396208,0.503868504,0.326592801,0.288117774,0.289379768,0.345168788
0.463308766,0.415986214,0.347883591,0.470607945,0.398192136,0.782528763,0.415462495,0.507414603,0.334223668,0.284700293,0.284846142,0.345285226
0.463805026,0.421796436,0.371693163,0.472959272,0.393672429,0.88168082,0.420445105,0.449065119,0.314383721,0.284700293,0.302015999,0.334109453
0.429563947,0.427135694,0.345568793,0.469600253,0.392542418,0.853667769,0.414881254,0.446163765,0.311331412,0.289432154,0.29873639,0.336554144
0.426214316,0.433417132,0.373015948,0.437017083,0.378983141,0.852930393,0.418701151,0.43584784,0.281190472,0.291272322,0.275971849,0.342374865
0.389554038,0.405778913,0.354828019,0.45179713,0.375367232,0.835606359,0.4268393,0.423920084,0.297596463,0.269716067,0.280891247,0.334924354
0.397866153,0.360552708,0.327380997,0.477326017,0.391864497,0.836343734,0.431406672,0.394584172,0.331171321,0.251840148,0.246647945,0.333527346
0.388003266,0.34060929,0.315972218,0.492106063,0.371751503,0.831920475,0.437302751,0.398774919,0.361693833,0.257360626,0.261695819,0.320954658
0.391476977,0.356783896,0.309523822,0.45414849,0.357740136,0.832657814,0.4365554,0.414893553,0.339183493,0.258149244,0.263817947,0.305820748
0.398610586,0.377512521,0.316468233,0.430970694,0.330847616,0.829708975,0.449260921,0.429400355,0.293780896,0.242902189,0.249156,0.29895225
0.376279427,0.366991197,0.319113802,0.413839287,0.322712,0.827128842,0.414964255,0.413604159,0.266691998,0.223974693,0.250988758,0.300465696
0.373922222,0.372958502,0.311011983,0.429963036,0.325649785,0.819756744,0.397774363,0.388781464,0.295307031,0.210042044,0.256101124,0.296623997
0.359593104,0.384107982,0.342427226,0.404769889,0.32745774,0.850718929,0.418202911,0.385235332,0.265929083,0.219768621,0.265650569,0.307217744
0.376899773,0.374057732,0.350198406,0.376889406,0.308700633,0.840029617,0.415130374,0.408123759,0.227012485,0.218454215,0.260827573,0.307566976
0.384777628,0.389290158,0.371693163,0.373530354,0.311412565,0.895318971,0.431406672,0.427143778,0.236932439,0.221083,0.274524863,0.313387697
0.375038827,0.387876905,0.366732797,0.380584401,0.308926667,0.880943776,0.431240678,0.426821438,0.250667656,0.220294383,0.277804606,0.304772972
0.394268349,0.383479936,0.368716973,0.369835359,0.309378576,0.877257856,0.425261588,0.428110832,0.222434232,0.21871707,0.263914358,0.302095486
0.396253381,0.366520123,0.350859798,0.355727264,0.31480226,0.892001757,0.440873528,0.446163765,0.226249532,0.230809682,0.267772697,0.311059362
0.409403906,0.36824751,0.343253995,0.405777548,0.317062282,0.882786865,0.410064771,0.443262411,0.270125955,0.228969514,0.293624034,0.309778792
0.407108788,0.357254986,0.356977556,0.400067168,0.299435028,0.88684116,0.397193131,0.441972888,0.270888908,0.223711865,0.266808185,0.306169968
0.398796673,0.356312806,0.346560824,0.360765927,0.293559435,0.866199875,0.375518985,0.437137363,0.252956782,0.219505766,0.27240288,0.298370225
0.409279813,0.357412052,0.353174596,0.323480036,0.286101763,0.924069398,0.381664184,0.423275338,0.206409623,0.233175613,0.255136467,0.296623997
0.40791522,0.324591751,0.318948408,0.306684605,0.291299593,0.906745364,0.397442242,0.426821438,0.191911415,0.226603584,0.264975417,0.289289911
0.397928246,0.338724821,0.347718214,0.352368211,0.303276949,0.972355323,0.410895123,0.443584848,0.238076964,0.241850638,0.283206343,0.289289911
0.385273888,0.337939724,0.337466975,0.35606324,0.281129989,0.940287682,0.389137975,0.449065119,0.244563001,0.237907368,0.275585922,0.267287597
0.395136782,0.320979896,0.348544984,0.343298544,0.280452045,0.942130513,0.399269198,0.453578304,0.225486312,0.227917963,0.276454177,0.274854465
0.380311398,0.305433446,0.391369005,0.354383596,0.276158215,0.943236522,0.41097824,0.485493262,0.247615309,0.24369078,0.283495713,0.253550695
0.391601064,0.276538914,0.355324018,0.3312058,0.28745765,0.935495754,0.400182667,0.433268794,0.236932439,0.245268119,0.269894825,0.240861477
0.383661122,0.259579086,0.335978814,0.261001033,0.247909627,0.902690774,0.35891045,0.389103772,0.184280854,0.225552033,0.253978996,0.228288696
0.389429945,0.250471141,0.31365742,0.2804838,0.251073446,0.862513991,0.358578337,0.394261734,0.193819199,0.219768621,0.259187764,0.218509931
0.337448124,0.251570387,0.289186456,0.277124512,0.223728836,0.843346831,0.317389112,0.404900097,0.214040451,0.199526746,0.268930313,0.227706682
0.324049426,0.246388195,0.263392856,0.243197909,0.223502983,0.78142305,0.329679395,0.396196003,0.180083982,0.196109369,0.269605455,0.222933644
0.300539667,0.276381973,0.347222199,0.280819507,0.253107435,0.927755281,0.379172879,0.405867182,0.193437588,0.223186102,0.244140045,0.234924318
0.309037962,0.303863126,0.353339973,0.320120748,0.282485876,0.877626267,0.401262264,0.40618962,0.240366396,0.258412177,0.270666524,0.245867297
0.297190036,0.265232367,0.354662758,0.285522228,0.283389853,0.889789962,0.395200057,0.389103772,0.198016108,0.243165018,0.250988758,0.247147867
0.288319568,0.263504965,0.349867768,0.273429484,0.307118734,0.93365296,0.408736055,0.395873565,0.181228546,0.239221853,0.265457746,0.249708996
0.336083432,0.246388195,0.371362409,0.262344701,0.27389835,0.927755281,0.406244749,0.387814249,0.139259868,0.240273299,0.254654138,0.243189812
0.366850706,0.229899457,0.388723569,0.25764198,0.302372994,0.934390041,0.402009614,0.37459697,0.164822555,0.237907368,0.232371925,0.249825434
0.361888216,0.241991227,0.381613764,0.228081853,0.276384249,0.889789962,0.39835572,0.365248259,0.122090695,0.271030447,0.194270284,0.249010533
0.374914741,0.241520137,0.369708987,0.243197909,0.253107435,0.897530472,0.400182667,0.370083785,0.116367917,0.269978896,0.174881888,0.229569266
0.376961773,0.229114359,0.365410012,0.22505881,0.235932249,0.873940347,0.402673972,0.372985139,0.102632663,0.310725475,0.199286239,0.228288696
0.3765896,0.209327882,0.335152177,0.265031768,0.230960475,0.860302491,0.380169358,0.389103772,0.148798212,0.285226055,0.204205637,0.228754365
0.34904787,0.214824097,0.332010593,0.26805508,0.221920881,0.877626267,0.376847701,0.428433269,0.143456778,0.273659232,0.204495007,0.195227046
0.321630227,0.16677137,0.300760612,0.305340971,0.216723254,0.84666434,0.377595051,0.415860767,0.17474251,0.25368029,0.206231363,0.178929003
0.314682699,0.224560324,0.308531792,0.300302274,0.250847593,0.88168082,0.397193131,0.420051515,0.130484477,0.2967928,0.158772956,0.210593738
0.319583195,0.282192196,0.331679971,0.296607246,0.27864409,0.860670902,0.420195985,0.415860767,0.148798212,0.278128264,0.160509311,0.203143227
0.311022901,0.31689695,0.360615155,0.377897098,0.315254328,0.918540389,0.381913304,0.407479014,0.257153653,0.316246058,0.111218281,0.239115237
0.294460664,0.389290158,0.355158773,0.428955343,0.326327729,0.932915621,0.360488277,0.417794939,0.335749841,0.338853732,0.092794397,0.241210708
0.317784243,0.370917076,0.353670612,0.38092041,0.331977446,0.939919013,0.356668264,0.423920084,0.298359378,0.340956834,0.060480343,0.23364384
0.320265535,0.331187212,0.317791017,0.380248425,0.30124296,0.876152106,0.323617313,0.395551257,0.293780896,0.356992611,0.019967204,0.215366683
0.35425844,0.307631939,0.311177228,0.376889406,0.286779706,0.88426099,0.209267516,0.410702805,0.314765369,0.400893712,0.027105219,0.226891781
0.376465513,0.30527638,0.317129625,0.415518931,0.317062282,0.889421293,0.222637387,0.398774919,0.35444492,0.380651836,0.055657346,0.247380649
0.376217433,0.294126899,0.330026433,0.420893335,0.322712,0.935495754,0.225876051,0.42101873,0.374284524,0.380651836,0.00192917,0.246216528
0.346504579,0.302920821,0.348710361,0.440712078,0.357514102,0.949502575,0.270054812,0.443262411,0.438000589,0.395636062,0.044757404,0.27008152
0.351591155,0.285961008,0.328538388,0.401746577,0.358644113,0.937707549,0.273376469,0.428433269,0.373903219,0.399579332,0.042442385,0.27217698
0.348923784,0.214510074,0.354001365,0.40443388,0.353446486,1,0.281597736,0.456479658,0.325066628,0.410094605,0.060480343,0.281024499
0.325600198,0.21717964,0.358630978,0.481021012,0.355706328,0.930335451,0.290732355,0.467118021,0.397558123,0.429021996,0.067039617,0.293946419
0.334780746,0.26900129,0.367559566,0.485052016,0.368135616,0.912274336,0.283341565,0.488716925,0.404807341,0.44532068,0.070222814,0.324912702
0.329011916,0.29318472,0.3743386,0.463889874,0.368587684,0.925175148,0.386314557,0.471631238,0.409004251,0.456098807,0.070126335,0.31792786
0.346938838,0.277167071,0.357473571,0.45649985,0.379661085,0.920383478,0.374439388,0.452933559,0.395650606,0.43165086,0.060576822,0.305704299
0.351653155,0.290358087,0.36772481,0.475310632,0.344858802,0.898636185,0.371948208,0.438426886,0.398321343,0.425867448,0.065689188,0.311059362
0.355685126,0.286903298,0.364748752,0.481356988,0.337627164,0.841504037,0.362232107,0.421985816,0.393742823,0.411934773,0.063760019,0.311757907
0.373674142,0.294440922,0.360449778,0.507893802,0.353446486,0.852930393,0.36364394,0.411992199,0.39679517,0.422187112,0.057200744,0.315832388
0.351156896,0.274968594,0.344742024,0.500167803,0.323841831,0.819388332,0.36414218,0.372340393,0.388019778,0.40509981,0.010224733,0.316763727
0.354196447,0.276224907,0.360119007,0.489754703,0.318870056,0.838186528,0.371034738,0.357511283,0.380389217,0.409305909,0.037329942,0.317694973
0.344643633,0.275125661,0.356481557,0.495801092,0.343954825,0.838186528,0.358079973,0.353320406,0.405188951,0.395373234,0.036461841,0.310128105
0.346504579,0.280464793,0.379794981,0.470943921,0.343502915,0.85145601,0.360571278,0.384912895,0.356734008,0.399842266,0.035014923,0.314318943
0.326096458,0.277481204,0.38988096,0.398051817,0.374915345,0.852561723,0.333914646,0.394584172,0.266691998,0.388538376,0.045143253,0.302211924
0.33360214,0.342179611,0.401785754,0.389989809,0.408361559,0.895318971,0.382992775,0.392327595,0.270888908,0.411934773,0.073116641,0.299301564
0.326468624,0.317996196,0.388888946,0.379240733,0.396610237,0.92996704,0.381913304,0.352031012,0.272415081,0.415352149,0.045143253,0.276135035
0.335959345,0.323335454,0.388392798,0.364796662,0.427344701,0.906008283,0.407573465,0.366215345,0.266691998,0.417192422,0.049483911,0.274156002
0.340301489,0.323492521,0.362103184,0.357742615,0.428022644,0.8802064,0.399020078,0.354287589,0.271652128,0.431387926,0.046783053,0.264377237
0.362632648,0.317211083,0.342923225,0.424588363,0.419209107,0.874309017,0.388722737,0.35783372,0.378863044,0.420872732,0.050352089,0.26379513
0.359158937,0.320194673,0.322089992,0.450453462,0.426440723,0.890158668,0.391380169,0.35589942,0.426936376,0.42008401,0.054789246,0.258207202
0.359034844,0.319566642,0.335482799,0.492778015,0.438192249,0.941393433,0.403255205,0.353965152,0.489126268,0.425341659,0.078036049,0.264377237
0.354630613,0.308417036,0.287863804,0.524689233,0.395932294,0.902690774,0.39096493,0.350741489,0.5410149,0.422975729,0.074370591,0.254249147
0.32715097,0.333699712,0.304563455,0.542828332,0.453333446,0.755252645,0.413054307,0.380077369,0.544448552,0.42166135,0.097906841,0.274854465
0.333478147,0.341394513,0.298776435,0.575747243,0.430282508,0.750092306,0.424264993,0.375564184,0.549408682,0.422975729,0.087585629,0.264842813
0.348675697,0.31642586,0.280588639,0.595901962,0.42305087,0.713232736,0.421524568,0.352031012,0.585272666,0.416929489,0.075817509,0.262398122
0.34830353,0.340766357,0.312830651,0.569700888,0.441130034,0.72945091,0.448181325,0.371373308,0.594811011,0.426918999,0.090093539,0.2604191
0.337386031,0.351444748,0.348048985,0.531743281,0.459661107,0.757832778,0.455904236,0.374274662,0.579931232,0.430862137,0.108035085,0.282654301
0.33837855,0.320037716,0.345403416,0.50487049,0.41355939,0.759675757,0.453745168,0.381044455,0.535291817,0.435068236,0.109674884,0.270197958
0.312511673,0.291143184,0.328538388,0.471951613,0.384632859,0.727607968,0.451087869,0.348162444,0.495612266,0.420872732,0.082376784,0.270430752
0.3122635,0.288316551,0.334656029,0.489418727,0.363163819,0.733505499,0.453329929,0.340425564,0.494467741,0.420609799,0.08777852,0.270547189
0.325848278,0.286746231,0.334325408,0.450789437,0.335367322,0.73829728,0.4454409,0.337201773,0.454025237,0.428496207,0.080061697,0.286146675
0.331989374,0.273869348,0.350033029,0.441048054,0.376271209,0.721710437,0.454741638,0.352998066,0.468905054,0.432965239,0.068679417,0.293713636
0.322064394,0.234767625,0.273644228,0.45179713,0.36836165,0.68669381,0.432569261,0.341070309,0.483403223,0.408517292,0.058551173,0.249476121
0.337572117,0.227072824,0.223379664,0.455827865,0.364519887,0.675635976,0.430742314,0.340103127,0.480350877,0.401945263,0.070898034,0.205005811
0.340735749,0.261306488,0.206514504,0.492106063,0.378305198,0.711021125,0.453163935,0.405222405,0.514307345,0.403259642,0.109578482,0.175785849
0.349916296,0.227386957,0.180390266,0.429627026,0.352994395,0.647254071,0.429745843,0.386524855,0.491797005,0.372502599,0.093276726,0.148894059
0.330624688,0.295383212,0.257605836,0.481692997,0.395932294,0.727239299,0.494934393,0.404900097,0.57230067,0.399053544,0.10080059,0.176717106
0.303517212,0.300094188,0.267857208,0.502855139,0.424858825,0.717655848,0.535127014,0.422952869,0.594811011,0.401156646,0.083244884,0.209778849
0.298802808,0.327104251,0.283730206,0.473295281,0.415367345,0.741983164,0.524580561,0.412636976,0.579549889,0.404574022,0.068197165,0.20209545
0.275851396,0.3068467,0.310350591,0.445078823,0.398192136,0.751566578,0.516442412,0.389748549,0.553223981,0.385909486,0.067714837,0.202444763
0.322994913,0.301036478,0.318121639,0.426268007,0.371751503,0.755989837,0.506311198,0.390070986,0.516596777,0.36882229,0.059226393,0.190803321
0.326220451,0.307789005,0.314318812,0.426939724,0.360452068,0.741245972,0.506560317,0.371050999,0.502479912,0.34831748,0.075817509,0.183469154
0.339867322,0.312185958,0.303406048,0.406449533,0.37785313,0.736454191,0.497508691,0.371695616,0.512399867,0.353838064,0.079097108,0.182305033
0.352335501,0.317525106,0.320271192,0.409808552,0.343050847,0.737928611,0.493688678,0.364925822,0.505150611,0.346214484,0.067136097,0.191851016
0.377023766,0.288630684,0.313988041,0.372522695,0.344632768,0.737560052,0.480900156,0.33558991,0.505150611,0.339905283,0.07446707,0.193248012
0.372867709,0.270885649,0.305555601,0.406113557,0.347344678,0.725396321,0.492858326,0.353642843,0.541777854,0.338328075,0.095398864,0.200582098
0.376465513,0.260050301,0.288359819,0.401410836,0.346666757,0.724290607,0.486713118,0.318181754,0.523464385,0.329915773,0.10022186,0.20593715
0.378946712,0.27559675,0.296461637,0.45179713,0.356158237,0.741983164,0.509051623,0.325918762,0.529950383,0.329127156,0.11478725,0.215483121
0.377458032,0.283919582,0.27728181,0.457171533,0.351186463,0.732399749,0.486214887,0.321727885,0.538725774,0.315457336,0.120574903,0.211525077
0.370510504,0.27810925,0.271825428,0.445078823,0.365197808,0.729819432,0.485052289,0.335912379,0.520412038,0.311777026,0.118645734,0.221420291
0.36592028,0.277795227,0.26372361,0.452804822,0.362260023,0.740140222,0.481730508,0.343326918,0.527279646,0.312828551,0.117777489,0.218160699
0.378574539,0.268373149,0.237103225,0.453476538,0.357966192,0.712126876,0.476664905,0.344294004,0.524608948,0.309148241,0.118838548,0.219790489
0.369828164,0.273555325,0.227347869,0.445078823,0.35525426,0.704386403,0.487294483,0.358800806,0.493323178,0.294164015,0.116812976,0.221653073
0.363625075,0.301036478,0.225694463,0.497816443,0.361130011,0.717655848,0.506477316,0.366860123,0.579549889,0.351209199,0.11642705,0.222817287
0.357421985,0.306375626,0.193121697,0.501847447,0.35050852,0.691116921,0.499750884,0.352675629,0.596718794,0.342271214,0.125108529,0.207683378
0.351839242,0.30574747,0.191137653,0.480013319,0.35480235,0.692222819,0.498671288,0.365248259,0.584509713,0.346740246,0.105912957,0.204773017
0.347931264,0.30574747,0.174603262,0.503191115,0.353672339,0.691116921,0.498754281,0.35589942,0.659290296,0.341219663,0.105430628,0.205587918
0.367408959,0.304491157,0.184358486,0.4766543,0.344858802,0.701437711,0.503321653,0.35235332,0.628767479,0.345162933,0.108324455,0.215017463
0.348365524,0.294597989,0.166832066,0.465233542,0.312994486,0.686325288,0.508636384,0.325274017,0.61846622,0.328338565,0.10147581,0.209895287
0.346008319,0.295854302,0.17691806,0.444743082,0.320678011,0.701806233,0.516857651,0.304642166,0.609309485,0.327024159,0.102633358,0.199534403
0.34451964,0.295069063,0.153935274,0.461538513,0.315254328,0.664209473,0.464374622,0.280786622,0.598244968,0.334121977,0.092601516,0.180791681
0.340301489,0.294597989,0.141203711,0.4766543,0.319322147,0.665315186,0.471682419,0.273049678,0.638305824,0.322292298,0.102729837,0.179860342
0.322808826,0.308417036,0.151951098,0.490090712,0.32790965,0.650202763,0.469274106,0.266279819,0.657382513,0.305730759,0.080447547,0.164610076
0.333788227,0.329145677,0.170138894,0.541484664,0.344858802,0.696277224,0.482727111,0.274983881,0.717283621,0.314142956,0.10022186,0.18288714
0.314372619,0.317525106,0.168154734,0.515283859,0.347344678,0.723184857,0.474671955,0.274983881,0.682182285,0.316508887,0.136201363,0.16146684
0.296507696,0.296796465,0.175595276,0.4947934,0.328135684,0.717655848,0.45856166,0.272082527,0.663487206,0.319400579,0.151249091,0.162980192
0.288939914,0.294755056,0.175595276,0.473295281,0.319322147,0.72060454,0.440873528,0.279174694,0.621518566,0.335699185,0.160509311,0.146798599
0.292785805,0.320037716,0.165674675,0.453140798,0.300791073,0.677847439,0.442451364,0.274016763,0.639450692,0.353312275,0.196488814,0.073690353
0.283295084,0.312028892,0.150297675,0.4662412,0.286327797,0.65499458,0.440292296,0.271115377,0.628386174,0.375394318,0.219542736,0.081490096
0.297252036,0.329302743,0.148148138,0.45414849,0.280903955,0.670475673,0.425925946,0.250483559,0.628386174,0.350157649,0.248094931,0.096856893
0.306122503,0.41614317,0.249173264,0.40443388,0.275254237,0.625506925,0.391131049,0.225983237,0.61426931,0.345688695,0.210089702,0.105820757
0.292351632,0.413002514,0.225529086,0.396708149,0.264180836,0.474014096,0.410147763,0.207930368,0.611216963,0.348580414,0.176039359,0.11199071
0.269648306,0.40358042,0.206349259,0.399059476,0.164971819,0.448949552,0.39063281,0.213410703,0.647462863,0.352260724,0.143146496,0.110943027
0.26896596,0.401381944,0.212466901,0.388646141,0.171073424,0.456690025,0.398438721,0.212443585,0.634872172,0.36855933,0.171505733,0.110477357
0.273556283,0.408605546,0.190806882,0.391669453,0.157062237,0.434574357,0.400099674,0.208575145,0.612743137,0.370136669,0.164849979,0.098253808
0.287575229,0.412060335,0.190806882,0.375545738,0.162485921,0.439366138,0.379089761,0.195357866,0.599007921,0.36093575,0.16099164,0.098370246
0.274300623,0.415358057,0.157076709,0.41115222,0.137175119,0.437523196,0.372695567,0.186331399,0.623426044,0.367770739,0.159351831,0.0760187
0.285466203,0.420226116,0.164517268,0.407792932,0.142146915,0.429782576,0.365720007,0.1827853,0.593285143,0.382229176,0.141410285,0.082421435
0.278208601,0.41755655,0.145337309,0.45414849,0.13559322,0.411352792,0.366052128,0.156995487,0.612743137,0.370136669,0.1383235,0.077299258
0.275913389,0.411903268,0.11673283,0.461202537,0.103502847,0.413932961,0.352267011,0.147646647,0.608164922,0.346214484,0.144014597,0.073806791
0.254947015,0.392116807,0.083333344,0.430299011,0.058079073,0.367489941,0.310745673,0.139909736,0.598244968,0.322555127,0.117874035,0.065192147
0.262266611,0.393058971,0.054728865,0.468256585,0.060791006,0.346848546,0.304351354,0.13894265,0.620755308,0.325709675,0.143725227,0.060419121
0.254636842,0.39494344,0.049107173,0.453812514,0.04836174,0.330998931,0.28574987,0.144422921,0.623807654,0.316246058,0.131378367,0.05413273
0.240865971,0.382380705,0.111607135,0.421901296,0.066666757,0.370070111,0.312157382,0.170212766,0.584509713,0.302050449,0.139384559,0.06461004
0.215123187,0.373272635,0.122850538,0.430970694,0.06779661,0.391080065,0.315396046,0.16860087,0.598626578,0.302576212,0.136201363,0.06123401
0.212890075,0.357254986,0.097222249,0.401746577,0.069604542,0.390342837,0.302690525,0.168923243,0.561236153,0.260252319,0.137551802,0.047264326
0.213696414,0.312499981,0.072916662,0.39066176,0.041355955,0.352008848,0.271051283,0.144745293,0.525753473,0.238170302,0.094820123,0.037834688
0.235159141,0.293969833,0.035714283,0.327846781,0,0.301511276,0.21740579,0.108317215,0.426936376,0.211093595,0.073598892,0.01979051
0.242478743,0.322393149,0.095238139,0.310043658,0.043389944,0.337633653,0.27985379,0.156350741,0.409767166,0.232912679,0.088357251,0.035622883
0.239997545,0.350502458,0.187830692,0.284178559,0.204519842,0.464061975,0.382577662,0.224049001,0.355971055,0.283911571,0.110446583,0.067054731
0.207555411,0.322864365,0.157076709,0.283170867,0.153898418,0.4084041,0.361401755,0.200838137,0.356352398,0.268138754,0.110928911,0.060651996
0.169468448,0.320351739,0.158895509,0.274437411,0.167231661,0.402506569,0.369124665,0.195035493,0.363220006,0.277076713,0.137262432,0.064842927
0.201042149,0.314541391,0.166997327,0.273093743,0.137175119,0.402875091,0.364391299,0.194068343,0.339565103,0.27786533,0.14951288,0.055413289
0.262452697,0.287688395,0.1342593,0.288881515,0.110282599,0.390342837,0.337651541,0.165699581,0.346814054,0.261829659,0.145847355,0.058090867
0.240865971,0.291457333,0.147652123,0.287201871,0.094463277,0.385551056,0.340724087,0.16860087,0.368561479,0.28680329,0.145268624,0.083934881
0.245022035,0.287060239,0.151124329,0.267383128,0.086101808,0.380390753,0.340391966,0.159574468,0.339565103,0.268401688,0.129159837,0.079161843
0.251969464,0.304020067,0.151455083,0.225394551,0.092429469,0.359012277,0.330592864,0.172791747,0.311331412,0.270504684,0.128291726,0.082887104
0.246200634,0.288630684,0.150628313,0.216996835,0.107796701,0.363804058,0.338897132,0.183430045,0.326211497,0.24999998,0.129834979,0.081490096
0.26251479,0.290515043,0.16038367,0.192139664,0.145084859,0.400663627,0.361235636,0.198259155,0.320106804,0.25368029,0.137937718,0.098835915
0.261088012,0.302606813,0.200396862,0.185421593,0.197062169,0.443052058,0.396030534,0.224693778,0.325829887,0.273922166,0.159448243,0.108381898
0.264747903,0.286275141,0.207175896,0.162243797,0.214689266,0.441577638,0.408985174,0.212765957,0.292254723,0.262881104,0.16378891,0.100116474
0.271074992,0.259579086,0.211970885,0.147799726,0.223276949,0.437891718,0.40508216,0.196647324,0.295307031,0.263144038,0.151345648,0.101164169
0.276099569,0.274340438,0.169642896,0.157205134,0.210395593,0.43973466,0.377262939,0.201160509,0.296451595,0.253417356,0.146812012,0.096507568
0.296693776,0.274811528,0.183366456,0.199193712,0.206779684,0.441577638,0.387975386,0.194713088,0.362075443,0.254731841,0.141024359,0.088242156
0.293964404,0.260678458,0.177414076,0.196506644,0.201129966,0.439366138,0.393040997,0.179561541,0.355207835,0.27786533,0.155011019,0.085913903
0.30103592,0.244974942,0.188822722,0.191131972,0.207683661,0.436048777,0.385068842,0.171502224,0.359786355,0.276813885,0.147487164,0.094528547
0.288629741,0.237123184,0.180390266,0.202217024,0.204519842,0.44084041,0.372944678,0.178272083,0.341091276,0.29284953,0.144111154,0.110826589
0.286892889,0.246702218,0.176091291,0.209607047,0.202937921,0.453741333,0.380833707,0.182140522,0.343380402,0.294952632,0.130027937,0.116530861
0.239439291,0.243718629,0.170634909,0.194490991,0.207683661,0.471065404,0.367214717,0.180851064,0.325448238,0.288643431,0.119513844,0.117229417
0.238570859,0.248272664,0.172288332,0.189116588,0.19186452,0.479911627,0.370536374,0.193101193,0.317436067,0.284700293,0.132535992,0.108032666
0.236027574,0.245131883,0.175429899,0.195162976,0.170169627,0.465536395,0.374107276,0.175693101,0.334986583,0.286540435,0.108613825,0.088009374
0.229452311,0.223146945,0.164682529,0.180718872,0.134011299,0.413564403,0.337651541,0.154416505,0.312476242,0.252628766,0.15394996,0.07089643
0.227715452,0.222832921,0.144014541,0.186093276,0.12881365,0.426096656,0.342966273,0.168278562,0.305989939,0.247371116,0.178547269,0.056810297
0.23112717,0.210898218,0.11491403,0.148807419,0.108022734,0.361223741,0.327105088,0.168923243,0.294544117,0.254468907,0.159834015,0.044935979
0.217790472,0.216708566,0.127645527,0.184749641,0.124293785,0.362329638,0.337236303,0.148291425,0.313239195,0.272081997,0.181923424,0.04912691
0.197196264,0.221105519,0.106812212,0.208935095,0.111638463,0.33284202,0.346371047,0.161508704,0.316291542,0.262881104,0.183177451,0.036670567
0.18869797,0.255810273,0.108630945,0.258649672,0.131299548,0.329893181,0.355007436,0.166989039,0.357497228,0.296267011,0.193016257,0.041210717
0.163947699,0.233197305,0.081018546,0.236479569,0.113220384,0.308146035,0.354093958,0.15280461,0.345288186,0.267350137,0.176425141,0.002095471
0.171019221,0.247487441,0.096064842,0.253946985,0.118192158,0.315149279,0.367048598,0.16795619,0.354063272,0.257360626,0.181923424,0
0.154208805,0.242148293,0.144510539,0.234464218,0.109378621,0.338739551,0.372446447,0.181495841,0.338420539,0.23633016,0.215587985,0.025262
0.163389352,0.246388195,0.148974907,0.28854554,0.125875684,0.338739551,0.404999159,0.181818214,0.388019778,0.217928453,0.221279092,0.035855666
0.147261375,0.239635683,0.152116475,0.310715374,0.142146915,0.303722923,0.366882604,0.169568021,0.42350242,0.237381711,0.204687966,0.028521592
0.153402372,0.237908281,0.145171932,0.263016384,0.120000113,0.293402133,0.363726941,0.175693101,0.34948479,0.256309075,0.193209216,0.027706691
0.170833134,0.220791512,0.140542319,0.252267341,0.114124362,0.301142754,0.346703168,0.172469375,0.294925421,0.178496279,0.191473005,0.033760206
0.175547451,0.196765022,0.155092665,0.256634053,0.123163932,0.277552666,0.339976728,0.178272083,0.292254723,0.16193474,0.207485246,0.044819623
0.16183858,0.205873093,0.184689125,0.193819308,0.146892655,0.286398889,0.343796625,0.191811734,0.244944611,0.157465813,0.233432984,0.056344627
0.158675035,0.217964863,0.186342663,0.194155015,0.174689333,0.300405562,0.367629955,0.220180496,0.23235392,0.169821254,0.224365732,0.038416795
0.162955186,0.203360593,0.181382296,0.136378968,0.149152678,0.27865838,0.339229377,0.231463572,0.157573337,0.166929535,0.227163147,0.039580927
0.159791641,0.211997464,0.263392856,0.151494755,0.166101831,0.338002323,0.340890206,0.245325596,0.209461931,0.151945335,0.258319664,0.052270146
0.16680107,0.219535199,0.272321444,0.155861466,0.203389831,0.366384228,0.377844171,0.254029691,0.225104969,0.164300671,0.265650569,0.087078035
0.184665999,0.211212351,0.262070072,0.174336541,0.169039616,0.36675275,0.382909774,0.25306254,0.226249532,0.186382688,0.287932927,0.16309663
0.182618967,0.210898218,0.245866435,0.160228446,0.17920904,0.349060157,0.380169358,0.262733688,0.220526449,0.178759108,0.278479749,0.17159493
0.196513918,0.209484964,0.258763243,0.14511239,0.184858757,0.356800629,0.369041664,0.258220503,0.183136329,0.171661422,0.292273595,0.178579772
0.218472818,0.208071585,0.261904811,0.114208864,0.183050983,0.32104681,0.373858156,0.253707286,0.163296382,0.185856925,0.276743547,0.181955802
0.213696414,0.230370656,0.280919261,0.152838423,0.192768497,0.336527903,0.3981066,0.247904578,0.238076964,0.187434239,0.27298161,0.195459828
0.203399354,0.21466714,0.270833398,0.201209332,0.194576271,0.326944489,0.382909774,0.237911057,0.31934385,0.186382688,0.262178003,0.192898792
0.211029129,0.225031398,0.312334635,0.192139664,0.165423706,0.316623699,0.383989371,0.217601547,0.252193829,0.192428954,0.244718776,0.199534403
0.217356305,0.215766386,0.31762564,0.181726564,0.14666678,0.298562584,0.375851097,0.201805287,0.236932439,0.16955832,0.247805571,0.227124563
0.229018051,0.220477363,0.345899431,0.168626162,0.158418124,0.326575819,0.372944678,0.198581528,0.178557809,0.178496279,0.250699397,0.253317808
0.215619446,0.212939754,0.350859798,0.204232375,0.142598983,0.330261703,0.385401079,0.170857544,0.227394095,0.185068308,0.253978996,0.252619357
0.245580288,0.210270062,0.310681213,0.24554927,0.148248701,0.28971625,0.361152635,0.159252095,0.250667656,0.140904274,0.247419644,0.23399306
0.243037089,0.19142589,0.334325408,0.251595625,0.110282599,0.296350973,0.353678719,0.154094133,0.239984786,0.139064106,0.22841703,0.217462154
0.26369339,0.195979925,0.355654788,0.258649672,0.105988746,0.280132799,0.349941824,0.1631206,0.259443085,0.153785477,0.255811754,0.213271316
0.267787361,0.186714788,0.354828019,0.250587697,0.118644068,0.260597154,0.3321707,0.154094133,0.257153653,0.139326934,0.252724969,0.211874308
0.24266483,0.191111867,0.369708987,0.237151554,0.162034011,0.2823443,0.338315899,0.179561541,0.262113783,0.154574094,0.266711629,0.240046576
0.243781435,0.172424651,0.350859798,0.262680408,0.131751435,0.262071573,0.310911792,0.149258575,0.276993601,0.146950514,0.25195327,0.226658905
0.24713106,0.208385718,0.357969586,0.269062772,0.169943593,0.283450197,0.316558635,0.139264958,0.307516112,0.160620361,0.28976555,0.241909253
0.239811458,0.195665792,0.369212972,0.266711412,0.174237424,0.291927861,0.33740243,0.145712444,0.31819902,0.16561505,0.237580838,0.228754365
0.255753348,0.17635053,0.364583375,0.262008725,0.189830531,0.301511276,0.324862903,0.140554481,0.31934385,0.150367996,0.20999329,0.217112923
0.240183631,0.172581718,0.36375659,0.243197909,0.195932316,0.295982451,0.32668985,0.148291425,0.270507298,0.156414262,0.219446324,0.223748545
0.246262634,0.169755085,0.34093918,0.202552731,0.184858757,0.284924469,0.337568424,0.15473891,0.288439423,0.134595179,0.222436563,0.201862656
0.257366214,0.141331643,0.348379607,0.160900129,0.185536859,0.266494685,0.307839254,0.134751773,0.239603138,0.105678173,0.215491439,0.172875488
0.236896,0.143844252,0.336474829,0.145784375,0.167683729,0.29119067,0.2909816,0.135718923,0.234643313,0.107518341,0.219446324,0.178463334
0.251969464,0.149654475,0.338128367,0.107154817,0.168813582,0.295982451,0.286746348,0.144745293,0.223578795,0.117245022,0.214912698,0.183818386
0.234600888,0.139447284,0.347883591,0.152838423,0.170395503,0.333947733,0.301029697,0.158929723,0.262495126,0.116193471,0.228127659,0.190686883
0.228211712,0.138190987,0.353174596,0.148135702,0.171751548,0.340951014,0.304932711,0.156350741,0.283861209,0.103049414,0.219735694,0.18125735
0.227591366,0.13960424,0.350033029,0.182734257,0.178305243,0.318098118,0.304766592,0.154094133,0.293780896,0.107255512,0.245586886,0.181373695
0.227529366,0.113693533,0.315310826,0.240846549,0.177627119,0.310357646,0.288324176,0.15377176,0.332315884,0.117770679,0.22311185,0.17997678
0.238508772,0.143530119,0.31663361,0.209271071,0.181920972,0.307408807,0.262248784,0.139264958,0.341091276,0.1227655,0.253593079,0.181955802
0.22690902,0.138033904,0.293650824,0.189452328,0.164971819,0.319572538,0.25809665,0.121856867,0.317817677,0.114616158,0.242017917,0.165774208
0.224427821,0.143373163,0.280092624,0.181390588,0.152316497,0.336527903,0.27835908,0.136041296,0.298740988,0.11277599,0.259959463,0.141792779
0.218596904,0.140389463,0.27976187,0.174336541,0.149830621,0.341319684,0.27786084,0.136685977,0.311713022,0.089379567,0.249638328,0.138766062
0.200483896,0.120760068,0.233465643,0.109170201,0.109378621,0.333947733,0.236754617,0.111218569,0.262876736,0.082281776,0.198610952,0.126076844
0.199491376,0.110866901,0.250826686,0.109170201,0.11299435,0.3313676,0.234346437,0.102514507,0.288058119,0.072029437,0.167068509,0.12549483
0.197444345,0.105527642,0.232473629,0.103123812,0.097627096,0.350165907,0.229280826,0.091231431,0.269744345,0.069926388,0.147197794,0.124447053
0.201662495,0.106469806,0.282242045,0.1064831,0.100339028,0.381127945,0.242235466,0.111863346,0.251430609,0.075183985,0.154142918,0.134225911
0.174368845,0.116048967,0.283730206,0.124621964,0.111186554,0.357537857,0.2909816,0.10380403,0.247615309,0.080704515,0.145943911,0.147497144
0.159109301,0.107412111,0.235615064,0.15754111,0.105084768,0.347217215,0.291562832,0.073500967,0.294162506,0.089379567,0.151924378,0.129918543
0.14465609,0.085741181,0.217096629,0.164595157,0.128587616,0.364541102,0.28458728,0.052869149,0.280045642,0.102260691,0.162727841,0.121187461
0.168724015,0.076319087,0.240575447,0.18206254,0.133107503,0.337265131,0.274705185,0.049967795,0.275085817,0.107518341,0.140638587,0.118626332
0.184541912,0.059987415,0.175264522,0.12495794,0.075028226,0.2886105,0.232104252,0.017085751,0.221289707,0.093322784,0.129931526,0.073923229
0.130388966,0.083228681,0.1496363,0.142089347,0.099435051,0.319203869,0.221807035,0.02417795,0.23273553,0.099106144,0.147390752,0.076484369
0.128155847,0.09013826,0.14384928,0.173328849,0.136949266,0.31994106,0.159940142,0.024822695,0.273941254,0.11041006,0.144786296,0.07473813
0.137212308,0.055119372,0.129960325,0.132011988,0.090621514,0.315517949,0.156867605,0.029658285,0.196871278,0.094374283,0.130510266,0.067054731
0.109546579,0.044126958,0.11193784,0.10211612,0.107570667,0.274972349,0.122903184,0.026756899,0.219381924,0.068611956,0.13552622,0.050640344
0.104211922,0.046796524,0.139550305,0.09439039,0.126101718,0.306671615,0.121989706,0.049323017,0.203738886,0.089379567,0.144207556,0.076135044
0.100241945,0.026067883,0.11871694,0.100436745,0.126779661,0.23811278,0.115429268,0.035783366,0.170545638,0.054416399,0.096556402,0.066356279
0.087029333,0.013819157,0.102843942,0.075915315,0.106892723,0.225580674,0.093755246,0.043520309,0.145745866,0.019978915,0.104176746,0.068917408
0.073506648,0.003611856,0.129960325,0.06953295,0.107344633,0.200884689,0.093755246,0.078981302,0.130102866,0.034963194,0.099739531,0.090570503
0.088890279,0.021042774,0.092427259,0.068861267,0.084067819,0.138960612,0.064275072,0.039974178,0.116749222,0.034174524,0.073406011,0.073341122
0.076670186,0.019943528,0.029431265,0.035942088,0.037514192,0.058975384,0.028483704,0.023210864,0.063716065,0,0.041767166,0.042491288
0.066745255,0.001570446,0,0.00403087,0.051299525,0.00147442,0.008636505,0,0.051125374,0.063091451,0.026622958,0.039115258
0.089138365,0.032035172,0.022321477,0.021162277,0.066214689,0,0.050489963,0.012894874,0.060282375,0.053364849,0.040995467,0.04575088
0.061596679,0.009108055,0.030588672,0,0.064632768,0.023958794,0.015944177,0.012572566,0.003052308,0.018138747,0.02507957,0.05413273
0.033186566,0,0.057043664,0.027880348,0.051751435,0.034279399,0,0.021276564,0,0.015772817,0,0.054365605
0,0.013348083,0.104332037,0.072556262,0.076384294,0.03907118,0.067596729,0.042875532,0.070202063,0.063354359,0.059419274,0.042840519
0.017926922,0.054648282,0.167824096,0.126301608,0.140339119,0.099520874,0.110031544,0.033849162,0.10072488,0.100420602,0.090865228,0.072875452
0.02109051,0.047581622,0.170965663,0.140409703,0.159322102,0.065241474,0.080634487,0.01837521,0.130866087,0.131440526,0.092697995,0.069965092
0.034427165,0.046639458,0.175760653,0.133691631,0.128587616,0.007003429,0.094502606,0.011605416,0.103014006,0.139326934,0.094434274,0.048195653
0.074747247,0.048837934,0.227678639,0.138058343,0.173559322,0.116107716,0.131539564,0.047388814,0.116749222,0.172187079,0.120574903,0.07089643