INTC,ORCL,MSI,MSFT,IBM,HON,CSCO,AMD,AAPL
0.869173881,0.799554666,0.902757219,0.962358121,0.487831474,0.990676675,0.998506274,0.704562453,0.940162998
0.92319936,0.77839648,0.885561785,0.956269164,0.456318385,0.979869931,0.866318093,0.691099476,0.916647238
0.913135642,0.799554666,0.90423946,0.985884444,0.484243393,1,0.861090312,0.694839192,0.942956828
0.934322189,0.81069058,0.914616158,0.982563021,0.476599009,0.987286306,0.854368879,0.692595363,0.973573879
0.928495865,0.806236125,0.905721909,0.980902435,0.488455639,0.966732685,0.857356257,0.705310396,0.981722854
0.919491733,0.801781893,0.921731426,0.986991364,0.506240336,0.960164051,0.861836989,0.694839192,0.995809081
0.957627169,0.874164915,0.952861073,1,0.526053191,0.990252805,0.895444228,0.738967838,1
0.978813717,0.871381006,0.936555025,0.991973401,0.522621038,0.992583625,0.887976118,0.764397906,0.983352656
0.9830509,0.86636987,0.946042099,0.997509078,0.514664563,0.96355442,0.888722795,0.755422588,0.976833472
0.978813717,0.854120315,1,0.988375338,0.526209119,0.950205069,0.893203825,0.694839192,0.956460948
0.959745867,0.859688188,0.874592262,0.985884444,0.553822286,0.959528415,0.873786203,0.674644727,0.905355027
1,0.879732733,0.890601779,0.961804648,0.564430602,0.949357328,0.904406064,0.670905011,0.891152444
0.979343272,0.894209515,0.890008924,0.961804648,0.564898605,0.933041817,0.869305471,0.685115931,0.916181476
0.914724784,0.88195996,0.884968959,0.981455881,0.569578839,0.943212565,0.861090312,0.6776365,0.889173423
0.855402588,0.893095874,0.909279632,0.979241626,0.55897029,0.976267796,0.890216447,0.748691099,0.846449353
0.85699173,0.852450047,0.882300593,0.839468687,0.557722442,0.968639635,0.878267233,0.761406133,0.780791629
0.695444899,0.827394311,0.875481856,0.835870431,0.556162286,0.971818217,0.880507635,0.785340314,0.769150187
0.665254273,0.842984457,0.880818352,0.842236443,0.59329185,0.974572612,0.901418984,0.9289454,0.777182806
0.674258616,0.805679388,0.872220634,0.841406136,0.65054611,0.97033482,0.88424169,0.917726253,0.766356171
0.667902737,0.802338575,0.873999407,0.840852468,0.689859746,0.9582571,0.876773581,0.896035901,0.76728751
0.646716189,0.807906392,0.863622947,0.815942586,0.671606812,0.921599416,0.839432287,0.906507105,0.764144274
0.628707713,0.820712852,0.847020338,0.807639153,0.650234035,0.917785494,0.824495695,0.915482423,0.808148914
0.63718229,0.798997762,0.840794456,0.807085458,0.447581832,0.917573411,0.828229749,0.922213912,0.816414408
0.612817935,0.780623707,0.85502523,0.808746294,0.452106154,0.924354128,0.823749018,0.929693343,0.809546004
0.611228793,0.766703885,0.871924103,0.804317731,0.456318385,0.916302096,0.818521237,0.926701571,0.775902235
0.606461844,0.745545699,0.868070056,0.794077071,0.455226232,0.912488175,0.802837669,0.925205684,0.764377149
0.581038166,0.748329607,0.85206054,0.774702451,0.464430538,0.902529193,0.827483073,0.901271503,0.770779977
0.586864438,0.744432057,0.846724044,0.771104416,0.478159165,0.915030803,0.824495695,0.887808527,0.763212935
0.605402733,0.752784062,0.847316869,0.771104416,0.460842456,0.921175863,0.840178963,0.870605834,0.762514472
0.616525562,0.755011289,0.857397035,0.763077817,0.446645842,0.921599416,0.839432287,0.852655198,0.756228175
0.604343358,0.783407616,0.755410614,0.76224751,0.450390069,0.909945567,0.827483073,0.860882573,0.757275858
0.599046642,0.782850934,0.744737593,0.726819913,0.446645842,0.898927058,0.81628061,0.858638743,0.735040668
0.588983135,0.771158116,0.746220042,0.714918445,0.451326076,0.901469665,0.846900396,0.866866118,0.74668211
0.591101832,0.777282838,0.750666943,0.724605659,0.449454079,0.901257899,0.839432287,0.813762154,0.738882367
0.573093357,0.752227102,0.721909369,0.721284236,0.424805061,0.881763785,0.830470451,0.816753927,0.742491179
0.522245949,0.737193916,0.686925645,0.704124119,0.433853455,0.857184158,0.809559102,0.816005984,0.732712415
0.509004423,0.741648148,0.699080878,0.703570424,0.433853455,0.835783093,0.819267988,0.816005984,0.74377175
0.4936442,0.728285007,0.667061874,0.687240614,0.447893923,0.849979867,0.840178963,0.794315632,0.731082613
0.489936573,0.731069139,0.681292618,0.687240614,0.437129445,0.862057607,0.837191884,0.806282723,0.700931324
0.473517027,0.741648148,0.704713934,0.719070175,0.425585139,0.881975571,0.811052829,0.8578908,0.71653081
0.474576349,0.731069139,0.725466884,0.713534471,0.427613064,0.863117135,0.761015644,0.866118175,0.733992973
0.475635724,0.731069139,0.745034154,0.733739371,0.437285607,0.817136422,0.753547162,0.890800299,0.765192132
0.468750078,0.734966689,0.750666943,0.747578287,0.414040584,0.797218458,0.745332376,0.844427823,0.79615824
0.477224655,0.751113739,0.73999416,0.739828549,0.416536746,0.795523273,0.747572704,0.841436051,0.795459777
0.46504245,0.773942248,0.73999416,0.743980058,0.420748977,0.822645528,0.741598022,0.799551234,0.809546004
0.46504245,0.999443318,0.713311651,0.729034001,0.431981208,0.785776396,0.722927375,0.780104712,0.790919626
0.437500076,1,0.754521227,0.741212302,0.439001676,0.800396723,0.722180624,0.777112939,0.806868344
0.429555266,0.998329677,0.80699668,0.726543079,0.435413377,0.816924339,0.739357619,0.783096485,0.820954571
0.416843295,0.982739587,0.785354343,0.728757361,0.421372908,0.823705056,0.722927375,0.801795064,0.828405082
0.399894142,0.932071433,0.729321168,0.70716868,0.383775341,0.793404536,0.669902813,0.779356769,0.794994201
0.369173748,0.940423215,0.765787074,0.717132506,0.390795576,0.783021684,0.690813937,0.807778609,0.825611078
0.387711991,0.900334014,0.747109428,0.69111551,0.405148353,0.771791388,0.699029096,0.824981301,0.83317812
0.399364375,0.895879783,0.774977883,0.696927827,0.392979647,0.770943647,0.68035845,0.82946896,0.835157142
0.360169564,0.878619147,0.810850964,0.706061539,0.409204437,0.794675851,0.73114246,0.849663426,0.858090795
0.363877191,0.86247232,0.818262763,0.729034001,0.392823735,0.808236967,0.724421027,0.835452506,0.857508688
0.362817869,0.832962129,0.804625082,0.707998987,0.385491426,0.8033632,0.707990932,0.810770381,0.84994182
0.353283917,0.813474489,0.783279039,0.681428297,0.394539803,0.794675851,0.669902813,0.771877337,0.844819562
0.344809393,0.801781893,0.79395206,0.675339146,0.384711348,0.778571787,0.674383843,0.777860883,0.82805585
0.340572211,0.801781893,0.781500059,0.675062312,0.403900272,0.777512577,0.666915584,0.792819746,0.809313128
0.341631321,0.798997762,0.770530744,0.67146425,0.391419725,0.771579283,0.651978991,0.798055348,0.802444712
0.343750018,0.792316302,0.761636496,0.672294557,0.378939179,0.76882491,0.628080563,0.796559461,0.810710043
0.341101766,0.802895256,0.767566084,0.684472886,0.361310411,0.779207444,0.654219469,0.773373224,0.80838179
0.340572211,0.782850934,0.790987163,0.656518221,0.350702096,0.75102598,0.610156742,0.764397906,0.778463376
0.354872847,0.767260566,0.796027364,0.665928573,0.340873625,0.737888415,0.587005215,0.788332087,0.781839313
0.359639797,0.763363016,0.788911859,0.663437679,0.356474249,0.756958956,0.637042549,0.786088257,0.786030244
0.368114373,0.802338575,0.820338037,0.698034968,0.384555419,0.804210962,0.734129838,0.807778609,0.822002254
0.402012839,0.778953384,0.812333175,0.686133473,0.37784726,0.790225954,0.715459191,0.836948392,0.829569296
0.412076346,0.780066747,0.83249327,0.696374132,0.381747416,0.808236967,0.696788544,0.81750187,0.809196772
0.430084822,0.746102603,0.799288556,0.666205406,0.374258945,0.77263881,0.669155912,0.777860883,0.781606437
0.405190699,0.738307279,0.784761281,0.636036681,0.374258945,0.786412032,0.63405517,0.769633508,0.75646105
0.419491548,0.791759565,0.829825141,0.665375099,0.373167026,0.823705056,0.68035845,0.822737472,0.823282824
0.443326348,0.79398657,0.831900445,0.674232005,0.378471192,0.816712552,0.684092504,0.84367988,0.811874257
0.433792449,0.824053442,0.850281559,0.663437679,0.399688041,0.822857633,0.696788544,0.867614061,0.797089579
0.434851771,0.841870815,0.884968959,0.671187416,0.426053142,0.845741757,0.693801166,0.844427823,0.7689173
0.427966124,0.856904279,0.885858346,0.656518221,0.422620974,0.835571009,0.675877345,0.853403141,0.759371411
0.438029843,0.831291806,0.886747702,0.659562782,0.41497659,0.817772079,0.672890116,0.863126402,0.777648382
0.4459746,0.853006729,0.931811355,0.668419688,0.428237214,0.781538286,0.682598852,0.88855647,0.695110602
0.430614377,0.840200492,0.894159502,0.67174089,0.418408743,0.762679828,0.66766241,0.881077038,0.679743817
0.384004364,0.860801774,0.903943137,0.681151463,0.412480428,0.776876602,0.672890116,0.906507105,0.688707774
0.375529787,0.869153779,0.939519686,0.684472886,0.424649133,0.780902629,0.676624245,0.919222139,0.70104768
0.357521311,0.909242701,0.928550133,0.709106128,0.42917322,0.81289863,0.683345678,0.967090501,0.734807967
0.345868715,0.909242701,0.915208983,0.712980997,0.442121754,0.786623819,0.717699594,0.918474196,0.726426105
0.341631321,0.886414192,0.893862971,0.696650966,0.439001676,0.796371035,0.698282271,0.922213912,0.718859063
0.332627189,0.888641419,0.889415861,0.701909837,0.45600631,0.767553595,0.696788544,0.901271503,0.697671731
0.344809393,0.907015696,0.872813489,0.713811304,0.465054703,0.737888415,0.698282271,0.895287958,0.698486539
0.345868715,0.899777333,0.867476994,0.703847285,0.463026544,0.763315486,0.701269499,0.876589379,0.706402813
0.335805208,0.869153779,0.828046161,0.688347755,0.563962599,0.742973948,0.67214329,0.871353777,0.695459834
0.334216119,0.868596875,0.823006196,0.689731508,0.548517902,0.744457049,0.671396464,0.895287958,0.689406237
0.331038259,0.875278501,0.832789831,0.673955172,0.567706826,0.756535086,0.665421857,0.904263276,0.683352629
0.342161088,0.863585683,0.824488645,0.646000506,0.558190446,0.745940447,0.654219469,0.875093493,0.668568126
0.318856108,0.869153779,0.833975749,0.628840389,0.559282364,0.734074493,0.646004384,0.931937173,0.644936009
0.319385663,0.837416583,0.80432855,0.596733994,0.551326124,0.722420327,0.640776603,0.902019447,0.642491237
0.301906743,0.822939857,0.791876757,0.596457354,0.554914205,0.732379309,0.632561519,0.896035901,0.637019747
0.287606106,0.807906392,0.794248384,0.582064771,0.547425968,0.720301272,0.626586912,0.862378459,0.62677522
0.299788257,0.780066747,0.754224696,0.557431528,0.53837759,0.704409313,0.613143971,0.836948392,0.609895163
0.286546731,0.81403117,0.780017848,0.571547278,0.558814361,0.713520872,0.64227033,0.849663426,0.625727525
0.324152613,0.808463352,0.775570709,0.54636034,0.588611616,0.711613922,0.658700424,0.771877337,0.61885912
0.277542388,0.851893088,0.777349481,0.567395548,0.561310524,0.702714128,0.656459872,0.796559461,0.624912717
0.292373056,0.855233956,0.779128461,0.555217246,0.565990758,0.682160825,0.664675031,0.805534779,0.620954498
0.281779782,0.89253897,0.818559057,0.591475344,0.584555532,0.717123007,0.714712515,0.852655198,0.645983704
0.316737411,0.88585751,0.806403824,0.575145313,0.575663067,0.695085988,0.690813937,0.865370232,0.621536605
0.287606106,0.891982288,0.827156774,0.61168005,0.583151304,0.723267771,0.726661729,0.916230366,0.645867348
0.309851764,0.896993424,0.833679188,0.630500976,0.565678683,0.717546877,0.715459191,0.922961855,0.651222318
0.316207644,0.860801774,0.795730833,0.604207119,0.570202755,0.719242062,0.69753537,0.938668661,0.643655451
0.325211988,0.639755158,0.762525882,0.604483759,0.560686358,0.723055984,0.696788544,0.908750935,0.64644928
0.336864584,0.612472194,0.747702283,0.594519933,0.578783145,0.737040992,0.69753537,0.808526552,0.63643764
0.35169504,0.606347473,0.761339964,0.621090624,0.57706706,0.756746852,0.707990932,0.755422588,0.65192077
0.386122849,0.570712727,0.717462229,0.597010827,0.585491538,0.731108016,0.681105126,0.718773373,0.604540193
0.37023307,0.547884218,0.709457367,0.5942431,0.567394751,0.727717646,0.677371071,0.723261032,0.628055778
0.375529787,0.555122581,0.721909369,0.604483759,0.560998449,0.722844197,0.678864723,0.743455497,0.638183961
0.387182224,0.564588005,0.756596531,0.615001473,0.567862755,0.726022462,0.686333057,0.757666417,0.65483113
0.405720466,0.557349586,0.758671835,0.590921677,0.582371226,0.702078492,0.652725817,0.767389678,0.641210666
0.397775498,0.567371914,0.760450578,0.605867734,0.565522755,0.713308767,0.661687803,0.781600598,0.682654178
0.396716123,0.589086781,0.774681352,0.650982516,0.534321506,0.708223553,0.679611624,0.827973074,0.752619351
0.437500076,0.587973418,0.760747109,0.663160817,0.516848651,0.690636409,0.679611624,0.78908003,0.757042982
0.425847427,0.599666013,0.798695494,0.66675888,0.538533503,0.691060279,0.675877345,0.762902019,0.746332879
0.418961993,0.616926426,0.794248384,0.660116256,0.539157668,0.706952238,0.690813937,0.70381451,0.740279282
0.430084822,0.602449922,0.773791966,0.645723866,0.533541428,0.718394321,0.707244106,0.678384443,0.757974321
0.429025499,0.609688286,0.744737593,0.599778555,0.543213737,0.706104498,0.695294892,0.680628272,0.7315482
0.418432226,0.587416458,0.683367922,0.592582264,0.542589821,0.696357599,0.673637017,0.700074794,0.726658818
0.41790267,0.589086781,0.661429054,0.608358849,0.528549119,0.695085988,0.68483933,0.694839192,0.737252565
0.421610245,0.580178095,0.632671242,0.595903686,0.540405734,0.701866705,0.671396464,0.685863874,0.736554114
0.425847427,0.576837504,0.644826475,0.586493334,0.551482052,0.712461345,0.666915584,0.684367988,0.739580819
0.425847427,0.556236223,0.643344234,0.562967012,0.54071759,0.678346585,0.670649638,0.6776365,0.733410866
0.418432226,0.541202758,0.640083042,0.56047609,0.533229353,0.672201843,0.690813937,0.6776365,0.738766011
0.404661144,0.545100309,0.664393715,0.554110105,0.542745734,0.671989738,0.678117897,0.688855647,0.740977908
0.399894142,0.527282936,0.602134658,0.533075092,0.532449275,0.662666413,0.649738439,0.716529544,0.730151286
0.380296789,0.519487668,0.602134658,0.533628565,0.513728573,0.641901005,0.662434479,0.706806283,0.724097677
0.370762837,0.522828537,0.632374681,0.527262775,0.516068573,0.631730237,0.844660068,0.700822737,0.697438856
0.361228939,0.58184864,0.687221969,0.580681017,0.55897029,0.675591894,0.880507635,0.816753927,0.758207196
0.402542447,0.583518963,0.710346961,0.553556632,0.525116966,0.674956237,0.875279929,0.717277487,0.760884682
0.39247894,0.570156045,0.702342099,0.552172657,0.507332254,0.664573682,0.817027585,0.705310396,0.765541363
0.387182224,0.574610277,0.736436436,0.554386939,0.511700414,0.673261053,0.830470451,0.691099476,0.740512158
0.395656801,0.595211559,0.748591669,0.577913068,0.521060882,0.669871001,0.83868561,0.670157068,0.732479539
0.412605901,0.59242765,0.718944471,0.570440137,0.534477434,0.673473157,0.850634824,0.624532536,0.740977908
0.431673752,0.596882049,0.683960747,0.567672381,0.548829977,0.656945541,0.879760959,0.614061331,0.729569179
0.440678095,0.59799569,0.709161044,0.569332996,0.580343301,0.662878518,0.887229068,0.625280479,0.682421477
0.455508552,0.591870913,0.758375274,0.564074152,0.642745798,0.658428621,0.8715458,0.61854899,0.654132679
0.457097429,0.559576813,0.766380166,0.571547278,0.636193567,0.655674227,0.876773581,0.640239342,0.660302632
0.463983128,0.572939954,0.753038779,0.577636428,0.643525876,0.658216835,0.876026904,0.63500374,0.665541246
0.46345352,0.568485499,0.760154284,0.580681017,0.639469558,0.652071774,0.855862531,0.881824981,0.654714786
0.428495891,0.563474363,0.754521227,0.554386939,0.662090416,0.657157307,0.863330715,0.8578908,0.620605267
0.420021368,0.552895354,0.757485918,0.549128096,0.662558653,0.630458943,0.839432287,0.881824981,0.622235057
0.487817875,0.548440955,0.737029262,0.536949988,0.65850235,0.635120606,0.813293531,0.866118175,0.620954498
0.461334823,0.550111445,0.737325793,0.539440882,0.663650572,0.61816912,0.814786884,0.87210172,0.630849794
0.458156804,0.556792904,0.717462229,0.528646556,0.669266812,0.628551654,0.804331396,0.845175767,0.620488911
0.451800924,0.533964395,0.687815031,0.497370689,0.663494659,0.571128901,0.76997748,0.835452506,0.604540193
0.429025499,0.539532268,0.699080878,0.472460585,0.693447827,0.500992283,0.770724455,0.84367988,0.606519215
0.421610245,0.52060131,0.677438571,0.45972881,0.68393143,0.479167348,0.75728159,0.823485415,0.586030171
0.407309397,0.538975531,0.655795998,0.469415996,0.814352665,0.486371787,0.758774943,0.83171279,0.592083768
0.399894142,0.52616935,0.668840854,0.471907112,0.830733367,0.493787992,0.754294211,0.819745699,0.599417935
0.384533972,0.5100223,0.646901749,0.457237695,0.806240278,0.474081963,0.740104296,0.783844428,0.590337622
0.372351768,0.520044572,0.661725348,0.464987654,0.823869061,0.487855037,0.755040888,0.81750187,0.599068703
0.39247894,0.519487668,0.679810169,0.471907112,0.82262098,0.517308112,0.77744559,0.842931937,0.597089681
0.398305265,0.5100223,0.6875185,0.473290893,0.832293289,0.515612928,0.784167023,0.842931937,0.615017421
0.401483072,0.52616935,0.703528017,0.477442595,0.846957907,0.511586922,0.780432968,0.87434555,0.616996443
0.413665276,0.520044572,0.702045568,0.47882657,0.851794069,0.502263746,0.789395102,0.855646971,0.620721798
0.413665276,0.537305264,0.691076253,0.4741212,0.858502463,0.496754491,0.783420346,0.922961855,0.624912717
0.423728942,0.542873081,0.711532671,0.47882657,0.884087471,0.509679951,0.814040207,0.922213912,0.633643799
0.426906802,0.543986723,0.720723451,0.47384456,0.883775396,0.512858385,0.826736396,0.958115183,0.621187374
0.420550923,0.543986723,0.761933027,0.482424632,0.878159156,0.524300617,0.843166342,0.951383695,0.620721798
0.415783973,0.547884218,0.721909369,0.478272902,0.873791012,0.535742848,0.83868561,0.913986537,0.623864859
0.39883482,0.538975531,0.699970264,0.471630278,0.875039078,0.533412006,0.83868561,0.88855647,0.626076756
0.389300921,0.548440955,0.696116217,0.466648268,0.883931324,0.532988136,0.859596586,0.887060583,0.622351588
0.390889798,0.556792904,0.696116217,0.461389397,0.872387003,0.51646052,0.857356257,0.887808527,0.5883586
0.379766969,0.54621395,0.686332582,0.458068196,0.873323009,0.522181562,0.86407769,0.887808527,0.585564584
0.367584818,0.562917682,0.688407886,0.455023634,0.888767705,0.53807352,0.855115556,0.894540015,0.588824176
0.37341109,0.554008995,0.683960747,0.459451977,0.888143555,0.537649798,0.865571043,0.917726253,0.594644897
0.378707647,0.556792904,0.689000949,0.436756155,0.874103087,0.541040168,0.849141098,0.896783844,0.576251395
0.361228939,0.578507827,0.705010465,0.456684221,0.902496098,0.558839077,0.879013984,0.940164547,0.595110659
0.381885666,0.602449922,0.717462229,0.455023634,0.90171602,0.572824085,0.875279929,0.87210172,0.577997716
0.37341109,0.606347473,0.730210554,0.448657622,0.926521185,0.555872599,0.875279929,0.884068811,0.586146691
0.366525443,0.457126919,0.732878684,0.451702212,0.904212183,0.568798059,0.876026904,0.908750935,0.583469217
0.364406746,0.442650414,0.67714204,0.44229186,0.902808173,0.542099526,0.86706477,0.917726253,0.566356274
0.36864414,0.430957819,0.62644536,0.450595071,0.914352729,0.563712674,0.865571043,0.93118923,0.568800883
0.367584818,0.436525637,0.639786481,0.456684221,0.935725506,0.570281308,0.877520257,0.903515333,0.56810242
0.407309397,0.423162551,0.618144174,0.451148738,0.92558496,0.552270443,0.863330715,0.86013463,0.562747287
0.402542447,0.432628142,0.583456774,0.458344836,0.960998439,0.560746027,0.859596586,0.851907255,0.56647263
0.391949173,0.432071182,0.567447495,0.442015026,0.975507145,0.553753692,0.873039526,0.839192221,0.572526226
0.401483072,0.430400915,0.576638037,0.438416769,0.976911138,0.549939622,0.872292551,0.838444278,0.570430674
0.389300921,0.437082374,0.593833472,0.437863296,0.970358907,0.552694165,0.879760959,0.837696335,0.575552943
0.406779841,0.448218232,0.578120279,0.431220672,0.977847145,0.555236942,0.887229068,0.90276739,0.566007054
0.407309397,0.449888555,0.576934569,0.456961055,1,0.574731035,0.890963198,0.982049364,0.575669288
0.408368719,0.431514501,0.546990839,0.430390281,0.966770826,0.51646052,0.8715458,0.944652206,0.543073389
0.42266962,0.437639278,0.556181411,0.437309822,0.960218361,0.524724317,0.877520257,1,0.542374763
0.439088953,0.463808378,0.585532078,0.448104176,0.990639766,0.527690816,0.882001362,0.919222139,0.539231701
0.440148328,0.452115782,0.558553246,0.448104176,0.995319766,0.523241089,0.861090312,0.934181002,0.537718256
0.421610245,0.427060046,0.567150964,0.440907885,0.987519454,0.527902752,0.864824367,0.93118923,0.544470315
0.415783973,0.413697128,0.581974563,0.44450592,0.973634914,0.520910247,0.867811745,0.910246821,0.539697278
0.43961872,0.402004532,0.557070798,0.448104176,0.980031217,0.517731834,0.83868561,0.845175767,0.528288711
0.437500076,0.37583521,0.537800296,0.445336227,0.991887613,0.50925625,0.828229749,0.833208676,0.523981435
0.433792449,0.365812938,0.559739164,0.445613061,0.995787769,0.511798858,0.76997748,0.8578908,0.525843938
0.414724598,0.348552247,0.538393122,0.446720202,0.971606989,0.497814019,0.731889435,0.854899028,0.520139736
0.408368719,0.347995565,0.532463771,0.450871904,0.959594446,0.497814019,0.706497206,0.87210172,0.499999913
0.401483072,0.331291834,0.529202579,0.430943838,0.948985896,0.46030889,0.67214329,0.878833209,0.486379448
0.377118717,0.300111375,0.5126,0.432604452,0.926053197,0.435093776,0.671396464,0.866866118,0.489871916
0.383474597,0.288418724,0.525644827,0.412676469,0.909828407,0.415387726,0.654219469,0.877337322,0.48544811
0.432203519,0.291202689,0.498665757,0.415167474,0.945553977,0.415175791,0.66766241,0.857142857,0.479511044
0.430614377,0.292872956,0.628817166,0.420979791,0.904992261,0.407123759,0.656459872,0.882572924,0.465075586
0.426377194,0.311247233,0.624962882,0.422086932,0.904368329,0.403945494,0.657953599,0.778608826,0.450989545
0.43961872,0.286191553,0.607174622,0.407971182,0.885023477,0.378518276,0.647498036,0.781600598,0.444586717
0.448093297,0.278396452,0.57841681,0.419319204,0.880499156,0.378730211,0.596713877,0.765145849,0.447147846
0.43961872,0.293429916,0.598576905,0.448934484,0.884087471,0.38551078,0.613143971,0.638743455,0.36100115
0.455508552,0.300111375,0.627927572,0.462219705,0.904056254,0.402250331,0.62135913,0.656694091,0.364260742
0.487288108,0.300111375,0.665876164,0.48021035,0.927457191,0.387629665,0.632561519,0.66118175,0.367986003
0.516949233,0.294543502,0.67714204,0.438416769,0.948674055,0.378094554,0.614637698,0.649962603,0.367869647
0.494703522,0.295657143,0.734361133,0.422086932,0.942901653,0.376187434,0.611650469,0.637247569,0.367171102
0.507415281,0.292872956,0.706492677,0.417658479,0.905616176,0.377882619,0.604182135,0.643979058,0.344935994
0.497881382,0.269487766,0.649866647,0.402158865,0.829641214,0.366228621,0.579536881,0.60433807,0.346216564
0.452860246,0.280066775,0.647494841,0.396069825,0.822152977,0.374916141,0.566840841,0.59237098,0.345285226
0.461864431,0.243318443,0.632671242,0.383891496,0.763806564,0.376823261,0.557878931,0.593866866,0.342724097
0.442267026,0.242204858,0.62644536,0.38942709,0.763650636,0.380001525,0.561613135,0.602094241,0.345168788
0.452330479,0.237193666,0.599169967,0.390257398,0.780655254,0.36241453,0.558625757,0.597606582,0.345285226
0.454449177,0.246102352,0.644826475,0.394962684,0.772074864,0.38021346,0.564600364,0.654450262,0.334109453
0.453919621,0.242761762,0.642158316,0.39247168,0.78159126,0.370890114,0.562359961,0.667913239,0.336554144
0.449682227,0.237750626,0.662911266,0.408524767,0.778471182,0.378942146,0.570574971,0.700822737,0.342374865
0.462394198,0.212694889,0.655499466,0.392748403,0.743681852,0.375551777,0.587751891,0.718773373,0.334924354
0.440678095,0.233296171,0.667061874,0.393301959,0.776911026,0.369195099,0.572815448,0.722513089,0.333527346
0.444385723,0.201002294,0.663207797,0.398837553,0.806240278,0.389960507,0.576549578,0.709798055,0.320954658
0.437500076,0.211581248,0.655795998,0.383891496,0.793291728,0.352455548,0.572068623,0.70381451,0.305820748
0.430614377,0.217149344,0.680996087,0.383891496,0.802028047,0.346946293,0.566840841,0.71802543,0.29895225
0.433792449,0.206570112,0.684257278,0.391641372,0.769734864,0.340165724,0.599701255,0.71802543,0.300465696
0.443855903,0.201002294,0.663207797,0.379463043,0.751014161,0.33317322,0.575802677,0.711293942,0.296623997
0.426377194,0.214365212,0.662614972,0.400498278,0.760530558,0.336351654,0.593726498,0.729992521,0.307217744
0.447033975,0.213808475,0.662318441,0.402989283,0.75413424,0.331054335,0.590739269,0.727000748,0.307566976
0.445445045,0.221603576,0.681885473,0.411015771,0.768954786,0.35817659,0.610156742,0.765893792,0.313387697
0.468750078,0.219376349,0.678624489,0.409908741,0.762246642,0.357328997,0.598954429,0.729244577,0.304772972
0.46345352,0.229398621,0.687815031,0.418488786,0.76770672,0.355845748,0.593726498,0.730740464,0.302095486
0.461334823,0.22216048,0.696116217,0.418212063,0.771918951,0.361778725,0.590739269,0.721017203,0.311059362
0.463983128,0.231625848,0.689000949,0.418212063,0.776131182,0.372585299,0.601194757,0.724008975,0.309778792
0.476165279,0.22605803,0.694040913,0.420426234,0.761778405,0.363685844,0.615384523,0.682124159,0.306169968
0.459216126,0.237193666,0.678327957,0.383891496,0.762558483,0.344403516,0.603435309,0.660433807,0.298370225
0.428495891,0.335189384,0.6801067,0.391641372,0.782683413,0.343555924,0.606422538,0.67539267,0.296623997
0.453919621,0.33630297,0.663504358,0.3944091,0.790327579,0.347158229,0.593726498,0.652206432,0.289289911
0.44120765,0.329621288,0.673584287,0.40271245,0.78689541,0.380637161,0.603435309,0.651458489,0.289289911
0.454449177,0.315701465,0.65461008,0.380293351,0.743369778,0.366228621,0.572068623,0.661929693,0.267287597
0.410487416,0.31625837,0.660243137,0.374757867,0.759282477,0.341225252,0.563853463,0.636499626,0.274854465
0.399364375,0.306792779,0.675363267,0.348187066,0.741185706,0.328935449,0.555638528,0.636499626,0.253550695
0.396186568,0.305122511,0.674473673,0.358151113,0.732293225,0.347158229,0.555638528,0.57816006,0.240861477
0.385593294,0.25779517,0.643344234,0.318848648,0.663026656,0.274267069,0.509335249,0.569932685,0.228288696
0.344279785,0.229955525,0.604802787,0.326321662,0.655070182,0.270241042,0.524271841,0.512341062,0.218509931
0.326800865,0.203786203,0.562703824,0.299474138,0.657878419,0.261129653,0.503360642,0.501121915,0.227706682
0.314618714,0.214922117,0.553513252,0.298090274,0.654758341,0.286980593,0.518297234,0.490650711,0.222933644
0.293432166,0.297884148,0.584939223,0.327428692,0.692199746,0.292701783,0.545929717,0.529543755,0.234924318
0.343220463,0.317928693,0.610435843,0.350401348,0.712636532,0.279988089,0.546676543,0.531039641,0.245867297
0.375529787,0.30400887,0.603024044,0.337116016,0.728081228,0.290794663,0.553397976,0.523560209,0.247147867
0.386122849,0.302338547,0.606581767,0.334901735,0.706552289,0.297575232,0.566094016,0.51907255,0.249708996
0.382415274,0.292872956,0.585235755,0.331303699,0.688455518,0.290370963,0.537714557,0.52131638,0.243189812
0.369703515,0.292316275,0.586717996,0.351231655,0.69921998,0.262612902,0.551157423,0.513089005,0.249825434
0.384533972,0.281180361,0.572487459,0.344035474,0.700780136,0.256044268,0.563106637,0.531787584,0.249010533
0.358050919,0.279510094,0.576934569,0.329919697,0.663650572,0.253501491,0.572815448,0.514584892,0.229569266
0.356461989,0.301224961,0.587903884,0.337946296,0.654446266,0.274902705,0.563106637,0.495886313,0.228288696
0.360169564,0.270601407,0.592647554,0.310545326,0.646489792,0.257315582,0.676624245,0.436798803,0.228754365
0.350635665,0.241091216,0.63089247,0.288956534,0.636817483,0.275326596,0.686333057,0.384442782,0.195227046
0.354343292,0.24832958,0.595315683,0.26819816,0.629641336,0.273631412,0.661687803,0.370979806,0.178929003
0.331567867,0.256681584,0.58879327,0.293108237,0.677379199,0.278081139,0.660940977,0.363500374,0.210593738
0.338453514,0.263919948,0.553513252,0.284251358,0.660998497,0.276809824,0.63405517,0.334330591,0.203143227
0.332627189,0.262249402,0.546694308,0.324937688,0.576599073,0.259222702,0.660940977,0.382198953,0.239115237
0.345868715,0.238864212,0.534835399,0.33324112,0.582215298,0.2223534,0.63405517,0.386686612,0.241210708
0.34533916,0.236636984,0.50963531,0.331857145,0.590795688,0.235702582,0.62957429,0.383694839,0.23364384
0.342690696,0.191536703,0.45597397,0.284528081,0.539469509,0.172134747,0.573562349,0.353777113,0.215366683
0.285487409,0.193207193,0.319300356,0.298366997,0.538533503,0.174253633,0.583271011,0.364248317,0.226891781
0.30243651,0.177616881,0.327601542,0.304456147,0.531981272,0.176584474,0.588498717,0.368735976,0.247380649
0.337923694,0.201558976,0.34983694,0.314696918,0.545085734,0.19120514,0.595220225,0.3934181,0.246216528
0.333686511,0.199331748,0.357545271,0.31801823,0.559126436,0.202435415,0.610156742,0.403889304,0.27008152
0.352224595,0.185411926,0.364957071,0.316634366,0.542277746,0.205613849,0.603435309,0.401645475,0.27217698
0.34533916,0.188196057,0.384227779,0.323000239,0.553822286,0.184424571,0.587751891,0.394913987,0.281024499
0.349046735,0.193207193,0.38719247,0.337669573,0.5297972,0.197138096,0.600447931,0.408376963,0.293946419
0.354872847,0.195991158,0.404387904,0.34763362,0.515288729,0.189509955,0.584764662,0.42408377,0.324912702
0.364406746,0.190979966,0.414171302,0.347910343,0.510452566,0.193535961,0.593726498,0.387434555,0.31792786
0.372881323,0.172049007,0.388378387,0.310822049,0.495787948,0.187179114,0.570574971,0.35078534,0.305704299
0.367055263,0.180957694,0.386895938,0.244118475,0.525273113,0.169803905,0.571321797,0.383694839,0.311059362
0.381885666,0.195434198,0.393714883,0.25186824,0.52121681,0.172558469,0.585511488,0.369483919,0.311757907
0.386122849,0.199331748,0.393714883,0.255466386,0.512792567,0.164082885,0.592232996,0.366492147,0.315832388
0.504767029,0.192093608,0.373851082,0.243288167,0.575975142,0.16768502,0.575802677,0.362004488,0.316763727
0.480402674,0.198775067,0.38719247,0.248823651,0.570982833,0.188026706,0.572815448,0.367988033,0.317694973
0.48887725,0.177616881,0.371775808,0.234984735,0.559594439,0.172346682,0.572068623,0.348541511,0.310128105
0.46345352,0.178730467,0.392528965,0.240243606,0.56848667,0.154759539,0.584764662,0.358264772,0.314318943
0.471928097,0.176503239,0.384820634,0.242457777,0.576286982,0.119797208,0.637042549,0.349289454,0.302211924
0.479343299,0.210467662,0.419507797,0.265983989,0.611076546,0.141410357,0.669155912,0.374719521,0.299301564
0.519067877,0.215478798,0.413874978,0.259341254,0.59001561,0.144376835,0.669155912,0.367988033,0.276135035
0.523305059,0.224387485,0.418618411,0.257680667,0.608892474,0.328087857,0.669902813,0.383694839,0.274156002
0.521716182,0.239977853,0.410020694,0.254912801,0.612012552,0.320671631,0.678117897,0.370231862,0.264377237
0.517479,0.224387485,0.412095998,0.243841752,0.602340243,0.312619599,0.660194076,0.384442782,0.26379513
0.4936442,0.231069167,0.436703232,0.248823651,0.620280868,0.337411182,0.671396464,0.382946896,0.258207202
0.500000079,0.247215994,0.467239816,0.25380566,0.63962572,0.3357556,0.687826559,0.379955123,0.264377237
0.504767029,0.238307307,0.494811711,0.248270205,0.62808118,0.32732481,0.663181305,0.362004488,0.254249147
0.481991604,0.25612468,0.482359947,0.265707156,0.630889167,0.347769476,0.671396464,0.356020942,0.274854465
0.488347483,0.24832958,0.468425734,0.263492984,0.60717639,0.327746413,0.669902813,0.352281227,0.264842813
0.474576349,0.233296171,0.457456181,0.234431289,0.563650524,0.322055608,0.639282952,0.335826477,0.262398122
0.44650442,0.244432085,0.462199852,0.249100484,0.579251148,0.322898687,0.65944725,0.35302917,0.2604191
0.475105957,0.260022175,0.464571657,0.259894839,0.596879931,0.340813989,0.683345678,0.339566193,0.282654301
0.494173755,0.260022175,0.450933976,0.258234113,0.587831538,0.321844817,0.660940977,0.333582648,0.270197958
0.48887725,0.235523398,0.435517314,0.231940256,0.570982833,0.299503203,0.641523429,0.32460733,0.270430752
0.472457652,0.244432085,0.451823362,0.235261569,0.577535064,0.292547885,0.635548822,0.323859387,0.270547189
0.473517027,0.227171393,0.447969078,0.244118475,0.561466436,0.28664629,0.622105956,0.315632012,0.286146675
0.500529635,0.335189384,0.460124548,0.242457777,0.589859697,0.308144826,0.657206698,0.313388182,0.293713636
0.441737417,0.301224961,0.443225645,0.216717366,0.564742677,0.281798713,0.63405517,0.314884069,0.249476121
0.391949173,0.297327411,0.46160676,0.224190408,0.592199697,0.230581642,0.638536051,0.292445774,0.205005811
0.391419618,0.325167056,0.495404773,0.238582881,0.630889167,0.270417104,0.666915584,0.307404637,0.175785849
0.41631374,0.288975462,0.478209369,0.215333502,0.590327685,0.239223244,0.622852782,0.304412865,0.148894059
0.382415274,0.327394283,0.499555381,0.249100484,0.64196572,0.277372421,0.669155912,0.329094989,0.176717106
0.435381379,0.356904251,0.520604862,0.255466386,0.683151352,0.286224835,0.693054489,0.374719521,0.209778849
0.436440701,0.356904251,0.52772013,0.254082522,0.663026656,0.317207883,0.699029096,0.412116679,0.20209545
0.442267026,0.356904251,0.516750578,0.255743109,0.65054611,0.33154029,0.696041718,0.424831713,0.202444763
0.41631374,0.351893115,0.482656478,0.253528937,0.650389948,0.326060128,0.677371071,0.412864622,0.190803321
0.413135668,0.355233928,0.488289297,0.249930792,0.640093723,0.338284794,0.666915584,0.416604338,0.183469154
0.406250022,0.360245065,0.503705959,0.261832259,0.648205876,0.344818678,0.674383843,0.423335826,0.182305033
0.396186568,0.360245065,0.497183546,0.267644576,0.653198185,0.347980288,0.677371071,0.430815258,0.191851016
0.388241546,0.357460933,0.494515179,0.265707156,0.631357405,0.339127873,0.660194076,0.436798803,0.193248012
0.372881323,0.348552247,0.493922324,0.269582024,0.636193567,0.339549477,0.655713196,0.42183994,0.200582098
0.363877191,0.346881979,0.492143581,0.263492984,0.642745798,0.339338664,0.638536051,0.418848168,0.20593715
0.367055263,0.370824074,0.488289297,0.261832259,0.661622428,0.344607866,0.632561519,0.436798803,0.215483121
0.380296789,0.355233928,0.473465698,0.255743109,0.657566344,0.335544809,0.606422538,0.430067315,0.211525077
0.378178092,0.360801802,0.469018559,0.254359245,0.65819026,0.325638673,0.598207528,0.433059088,0.221420291
0.371822212,0.350779474,0.458642099,0.25380566,0.678783209,0.320369493,0.595220225,0.389678384,0.218160699
0.357521311,0.354677024,0.449451527,0.25269863,0.66443065,0.318683208,0.613143971,0.362752431,0.219790489
0.360169564,0.360801802,0.446486866,0.249377235,0.668486734,0.328167868,0.643017156,0.370231862,0.221653073
0.37023307,0.364699296,0.442336259,0.26819816,0.686895596,0.341024801,0.648244937,0.382946896,0.222817287
0.354343292,0.347995565,0.41565375,0.263216151,0.687987515,0.325427882,0.624346509,0.366492147,0.207683378
0.336334817,0.358574575,0.444707886,0.27318017,0.712636532,0.331118665,0.630321116,0.355272999,0.204773017
0.342161088,0.347995565,0.40794542,0.265430405,0.690015674,0.323952557,0.622852782,0.348541511,0.205587918
0.334216119,0.348552247,0.40794542,0.270412442,0.685179511,0.328800134,0.62957429,0.356768886,0.215017463
0.354872847,0.351893115,0.39756893,0.266537546,0.689391508,0.324163348,0.634801996,0.362752431,0.209895287
0.361228939,0.350222792,0.384820634,0.263769707,0.712168529,0.331118665,0.637042549,0.357516829,0.199534403
0.358050919,0.337416611,0.288170709,0.247993343,0.681747359,0.32226642,0.619118578,0.347045625,0.180791681
0.336864584,0.326837379,0.260005959,0.236368709,0.668018731,0.323530933,0.613143971,0.334330591,0.179860342
0.319385663,0.326837379,0.246664572,0.225574383,0.666614737,0.311727891,0.605675862,0.331338818,0.164610076
0.335805208,0.351336434,0.270085888,0.225574383,0.680187202,0.320790947,0.613890872,0.359760658,0.18288714
0.35116522,0.345211656,0.262674088,0.228342111,0.667238653,0.330275607,0.598954429,0.376215408,0.16146684
0.35169504,0.353563438,0.268603676,0.215333502,0.678939121,0.318261753,0.598207528,0.373223635,0.162980192
0.346928037,0.339086879,0.259116573,0.214779945,0.686115518,0.301400151,0.616131349,0.375467464,0.146798599
0.35010611,0.339643616,0.234212808,0.230556282,0.69063959,0.32226642,0.625093185,0.385190726,0.073690353
0.363877191,0.351893115,0.224429173,0.229726002,0.698907905,0.312570948,0.618371902,0.364248317,0.081490096
0.342690696,0.347438883,0.229172843,0.225297549,0.689859746,0.315100143,0.612397145,0.299925206,0.096856893
0.341101766,0.346881979,0.208419893,0.203985591,0.664586578,0.379384938,0.602688484,0.25355273,0.105820757
0.320444985,0.356904251,0.21968574,0.20703018,0.678783209,0.405098806,0.606422538,0.26776365,0.11199071
0.395656801,0.347438883,0.206937444,0.128978695,0.651014113,0.393927988,0.553397976,0.26776365,0.110943027
0.367055263,0.378619119,0.208419893,0.153058381,0.655382272,0.384232516,0.55265115,0.275243082,0.110477357
0.361758494,0.385857483,0.203972784,0.1458622,0.654134191,0.391398645,0.545929717,0.247569185,0.098253808
0.362817869,0.380289442,0.20930928,0.146969341,0.661934503,0.388447995,0.541448762,0.249813014,0.098370246
0.369703515,0.368596847,0.205751527,0.140603329,0.62667717,0.387604938,0.540701936,0.243829469,0.0760187
0.359639797,0.36636962,0.203972784,0.132300007,0.611388387,0.386972522,0.530246448,0.247569185,0.082421435
0.355932222,0.330734929,0.180847999,0.115139779,0.58471146,0.377488011,0.516803508,0.237845924,0.077299258
0.32627131,0.335746065,0.173732493,0.107113181,0.571138995,0.383178646,0.504107468,0.244577412,0.073806791
0.306144137,0.316815107,0.134301897,0.081649631,0.542121818,0.325638673,0.465272522,0.238593867,0.065192147
0.263771306,0.316815107,0.141713697,0.081649631,0.538533503,0.340603346,0.463778796,0.240089753,0.060419121
0.251589102,0.309576966,0.126000504,0.075837203,0.527769041,0.307090956,0.434652661,0.234106208,0.05413273
0.236228879,0.335189384,0.162763178,0.07556048,0.538221662,0.333858672,0.469753403,0.242333583,0.06461004
0.239936506,0.339086879,0.161577261,0.075837203,0.529329197,0.330064795,0.461538467,0.247569185,0.06123401
0.242584759,0.317928693,0.119478298,0.058400252,0.477535249,0.29086177,0.42942488,0.246821242,0.047264326
0.196504301,0.238864212,0.093981589,0.027954582,0.43447737,0.282435154,0.394324138,0.246073298,0.037834688
0.157309436,0.202672617,0.075896887,0,0.400156044,0.227630823,0.358476347,0.216155572,0.01979051
0.132415261,0.244432085,0.124814794,0.03874902,0.44836191,0.25966791,0.39133676,0.228122663,0.035622883
0.176377128,0.333519061,0.222057575,0.096318854,0.585023535,0.351141728,0.501120089,0.252804787,0.067054731
0.252648477,0.28786182,0.204862141,0.070855304,0.547113893,0.335333997,0.463778796,0.238593867,0.060651996
0.215572151,0.286748457,0.216128017,0.076390788,0.564742677,0.350720273,0.467513,0.270755423,0.064842927
0.217161081,0.27227173,0.232137504,0.045391644,0.557878371,0.345661736,0.469753403,0.244577412,0.055413289
0.20921606,0.269487766,0.20189748,0.047052341,0.532605422,0.321634005,0.48095594,0.256544503,0.058090867
0.187500063,0.211581248,0.215831693,0.054248522,0.518096732,0.318893998,0.474981333,0.218399402,0.083934881
0.183792489,0.20044539,0.208123362,0.03487404,0.512168417,0.313203194,0.458551089,0.193717277,0.079161843
0.1795552,0.22216048,0.199229114,0.03874902,0.518096732,0.312992551,0.481702617,0.191473448,0.082887104
0.20762713,0.210467662,0.18677735,0.047329064,0.521528885,0.304983216,0.472740781,0.192221391,0.081490096
0.20921606,0.217149344,0.205158672,0.084417386,0.538533503,0.337652549,0.486930547,0.186237846,0.098835915
0.202330625,0.234409757,0.238363415,0.088292255,0.554914205,0.348823346,0.495145482,0.201196709,0.108381898
0.197034015,0.247215994,0.252890691,0.099917,0.563962599,0.324795615,0.495145482,0.19670905,0.100116474
0.194385604,0.238864212,0.226504714,0.101577587,0.553510211,0.309620129,0.489917776,0.200448766,0.101164169
0.193855942,0.25612468,0.244589297,0.102408005,0.544149743,0.313624818,0.492158254,0.197456993,0.096507568
0.183262775,0.237193666,0.235695256,0.092997542,0.54664589,0.297817087,0.494398657,0.174270755,0.088242156
0.180084861,0.212694889,0.245478891,0.112095218,0.556162286,0.292337095,0.490664602,0.180254301,0.085913903
0.187500063,0.301781643,0.253187015,0.12233596,0.54071759,0.279901764,0.477221736,0.194465221,0.094528547
0.182203452,0.298441052,0.259412897,0.12648769,0.559906514,0.277583212,0.48842405,0.204936425,0.110826589
0.178495825,0.291202689,0.266231841,0.107666765,0.545865812,0.288121763,0.478715388,0.207180254,0.116530861
0.177436503,0.28452123,0.263267181,0.09576527,0.539625656,0.285170965,0.477221736,0.188481675,0.117229417
0.173199215,0.294543502,0.261784702,0.102131171,0.527925188,0.296341762,0.478715388,0.175766642,0.108032666
0.167902551,0.281737321,0.271568337,0.087461948,0.475195015,0.288964821,0.445108149,0.177262528,0.088009374
0.150423737,0.24164812,0.244885829,0.044284503,0.451170147,0.255874033,0.405526526,0.165295438,0.07089643
0.106461923,0.254454357,0.243996442,0.060614424,0.458658385,0.264726299,0.407766855,0.152580404,0.056810297
0.102224635,0.222717162,0.243107056,0.052311102,0.422464827,0.245757107,0.377893894,0.145100972,0.044935979
0.074682207,0.25779517,0.265045924,0.065873267,0.460062378,0.253555503,0.31441362,0.150336574,0.04912691
0.093750058,0.265033311,0.277794219,0.057569834,0.470358853,0.273367902,0.309185913,0.146596859,0.036670567
0.093220397,0.285634815,0.305662674,0.094104683,0.493135874,0.298870957,0.333084267,0.146596859,0.041210717
0.114936447,0.265590271,0.299436792,0.073346309,0.465990694,0.264304845,0.300224078,0.137621541,0.002095471
0.08951277,0.277282866,0.31396386,0.085247666,0.483463315,0.285175161,0.310679565,0.131637996,0
0.081567854,0.267817498,0.283130744,0.072515891,0.485179399,0.283489045,0.312920118,0.136125654,0.025262
0.097457632,0.288418724,0.312185087,0.071685584,0.501092098,0.300978697,0.337565372,0.135377711,0.035855666
0.101694921,0.251670448,0.305366143,0.045391644,0.460062378,0.263461787,0.298730351,0.136125654,0.028521592
0.083686445,0.254454357,0.297064957,0.054248522,0.4592823,0.276529342,0.300224078,0.138369484,0.027706691
0.096398416,0.244432085,0.407056033,0.041793498,0.446489913,0.27315709,0.2763255,0.136873598,0.033760206
0.088983109,0.247772898,0.406166647,0.03985605,0.411856512,0.25861404,0.293502645,0.132385939,0.044819623
0.086334803,0.269487766,0.428105514,0.037365045,0.409984515,0.29191564,0.324869332,0.132385939,0.056344627
0.11334757,0.30400887,0.45893863,0.060337701,0.427769211,0.295287892,0.362957451,0.142857143,0.038416795
0.126589096,0.279510094,0.434924459,0.03985605,0.438221598,0.286857081,0.371919287,0.128646223,0.039580927
0.109110281,0.305679416,0.439371361,0.040686468,0.455850382,0.294234022,0.407020029,0.133133882,0.052270146
0.153072148,0.334632424,0.460124548,0.06947133,0.50889241,0.311517078,0.457804189,0.1421092,0.087078035
0.186970402,0.323496789,0.45597397,0.083310245,0.487207558,0.298027878,0.443614646,0.136873598,0.16309663
0.168432265,0.330734929,0.444411562,0.101854448,0.482995327,0.265358545,0.427184402,0.121166791,0.17159493
0.167902551,0.326280697,0.445893804,0.092720708,0.478159165,0.284749341,0.421209795,0.161555722,0.178579772
0.181144077,0.342427747,0.428994901,0.203432035,0.490639711,0.300557072,0.427931228,0.059087509,0.181955802
0.198622892,0.348552247,0.44559748,0.198173274,0.440873689,0.306037086,0.44286782,0.065071055,0.195459828
0.200211928,0.346325242,0.458049244,0.220315512,0.407956356,0.319109006,0.434652661,0.059087509,0.192898792
0.179025486,0.35634757,0.449748058,0.22225296,0.541029665,0.311938681,0.424197173,0.069558714,0.199534403
0.181673791,0.344098015,0.448265609,0.199833999,0.528393191,0.294444834,0.402539148,0.065071055,0.227124563
0.171610179,0.35634757,0.438482004,0.191807401,0.519656888,0.292126282,0.428678054,0.066566941,0.253317808
0.189618654,0.360245065,0.440260984,0.191530539,0.520748807,0.296763217,0.427184402,0.072550486,0.252619357
0.207097575,0.310690329,0.43047735,0.172156168,0.495787948,0.260721611,0.383121601,0.073298429,0.23399306
0.192796726,0.309020006,0.425733679,0.162745677,0.489859633,0.23774775,0.381628098,0.069558714,0.217462154
0.182733113,0.307349739,0.4364067,0.165790156,0.491419789,0.241541627,0.386855879,0.068062827,0.213271316
0.180614416,0.285634815,0.428994901,0.166897297,0.474259009,0.232057115,0.380134372,0.060583396,0.211874308
0.176377128,0.329064606,0.46160676,0.185164666,0.501872176,0.261354047,0.410007407,0.072550486,0.240046576
0.204449322,0.316815107,0.450340913,0.169665135,0.501560101,0.234375498,0.37864072,0.069558714,0.226658905
0.194915318,0.346881979,0.468425734,0.193744821,0.533853503,0.250604684,0.420462895,0.074794316,0.241909253
0.200211928,0.351893115,0.462199852,0.197619718,0.540873737,0.26493709,0.461538467,0.074794316,0.228754365
0.224046728,0.337973293,0.450044382,0.188209255,0.52418096,0.240066302,0.445108149,0.076290202,0.217112923
0.218749959,0.341314106,0.42603021,0.183227217,0.476755171,0.242599692,0.444361323,0.077038145,0.223748545
0.237817809,0.326280697,0.402312363,0.173816755,0.491107714,0.236904692,0.417475666,0.077038145,0.201862656
0.220339101,0.321826243,0.380966588,0.141433747,0.476599009,0.230581642,0.402539148,0.0710546,0.172875488
0.194915318,0.341314106,0.357841565,0.159977839,0.469578775,0.224680195,0.407020029,0.071802543,0.178463334
0.193855942,0.329064606,0.374444174,0.153335215,0.429797136,0.243438555,0.397311367,0.063575168,0.183818386
0.200211928,0.364142615,0.391046516,0.15610297,0.471919009,0.25966791,0.430918606,0.071802543,0.190686883
0.217161081,0.376948852,0.373554788,0.150290653,0.480187324,0.253344839,0.424197173,0.072550486,0.18125735
0.218220404,0.369710488,0.357841565,0.140049883,0.456162222,0.241120172,0.434652661,0.082273747,0.181373695
0.236228879,0.321269561,0.364957071,0.172432891,0.455382144,0.218357124,0.424197173,0.072550486,0.17997678
0.199152606,0.299554638,0.347465105,0.163852708,0.42028074,0.180629402,0.401045422,0.059835453,0.181955802
0.183792489,0.217149344,0.339460451,0.142817611,0.391731816,0.169037002,0.384615327,0.049364248,0.165774208
0.181673791,0.214922117,0.335309873,0.131192866,0.388923579,0.165453937,0.387602705,0.066566941,0.141792779
0.170021248,0.228841939,0.316631989,0.128425139,0.382371348,0.176413922,0.399551919,0.051608078,0.138766062
0.187500063,0.178730467,0.317225052,0.100193723,0.348518009,0.162292327,0.363704128,0.032161556,0.126076844
0.16048735,0.202672617,0.324933383,0.122059237,0.351950177,0.174306182,0.380881272,0.032161556,0.12549483
0.140360283,0.184298563,0.313667299,0.089122673,0.331045387,0.145852329,0.339058874,0.035153328,0.124447053
0.123940685,0.195991158,0.31099917,0.071962334,0.347893859,0.143533947,0.345780307,0.047868362,0.134225911
0.14406791,0.16982178,0.30922019,0.099640166,0.311232532,0.157866184,0.320388227,0.04038893,0.147497144
0.127648312,0.16982178,0.318114438,0.108497044,0.311232532,0.154283119,0.325616157,0.047120419,0.129918543
0.12500006,0.162583417,0.319003824,0.125103826,0.287831596,0.122878469,0.32785656,0.036649215,0.121187461
0.122881468,0.175389876,0.316335666,0.114863056,0.257722266,0.109810892,0.322628779,0.02617801,0.118626332
0.113877231,0.108017768,0.384524103,0.067810715,0.205616243,0.014543049,0.274085097,0.023186238,0.073923229
0.072563616,0.11804004,0.425140854,0.079435349,0.221216868,0.049952389,0.291262092,0.017950636,0.076484369
0.083686445,0.136414317,0.401423006,0.101577587,0.259750425,0.074401553,0.305451784,0.014958863,0.07473813
0.074152652,0.099665986,0.365253365,0.081096074,0.233229411,0.055643024,0.28454066,0.01421092,0.067054731
0.051377227,0.095211531,0.304180225,0.076114037,0.226989021,0.062809301,0.269604217,0.010471204,0.050640344
0.030720341,0.126392045,0.184702046,0.116800505,0.248362032,0.095057031,0.307692187,0.013462977,0.076135044
0.059851751,0.108017768,0.162466647,0.093827849,0.23759757,0.139318467,0.30171758,0.005983545,0.066356279
0.025953391,0.099665986,0.126297035,0.104068619,0.227769099,0.122457014,0.292755744,0.005983545,0.068917408
0.063559378,0.099665986,0.134301897,0.110434493,0.12870515,0.115290885,0.294996147,0.005235602,0.090570503
0.066207631,0.047884245,0.085976816,0.073623032,0.076287053,0.090420096,0.248693017,0,0.073341122
0.029661124,0.038975559,0.03735544,0.057293111,0.049766038,0.0594369,0.194174803,0,0.042491288
0.022245764,0,0,0.03487404,0,0.018551446,0.162061216,0.002243829,0.039115258
0,0.0200446,0.013341269,0.035427597,0.036505523,0.04089304,0,0.000747943,0.04575088
0.000529714,0.013363141,0.05099324,0.023526129,0.097035914,0.043418505,0.010455562,0.005235602,0.05413273
0.031250002,0.042873109,0.046546101,0.027124275,0.142433778,0.018336905,0.031366687,0.007479432,0.054365605
0.031779716,0.047884245,0.068188556,0.047882649,0.167238833,0.030983026,0.028379309,0.011219147,0.042840519
0.043432312,0.089643713,0.11058405,0.098809859,0.15288618,0.039835462,0.07692314,0.019446522,0.072875452
0.082097515,0.047327341,0.129261696,0.103238312,0.107176336,0.031615463,0.044062727,0.017950636,0.069965092
0.05932209,0.028396327,0.112659354,0.12648769,0.07940724,0,0.023898428,0.011967091,0.048195653
0.083686445,0.08240535,0.187666706,0.173816755,0.10889242,0.046790779,0.07244211,0.023186238,0.07089643