NVDA,MSFT,IBM,HPE,GOOG,FLEX,TSLA,SNE,ORCL
0.974963346,0.956269164,0.456318385,0.768748167,0.949029832,0.962242563,0.694608994,0.918044876,0.77839648
0.976272795,0.985884444,0.484243393,0.782802146,0.962727799,0.962242563,0.683835464,0.947813232,0.799554666
0.967735161,0.982563021,0.476599009,0.809632469,0.962055014,0.965675057,0.711598204,0.948915878,0.81069058
0.989733889,0.980902435,0.488455639,0.837740427,0.96829831,0.977116819,0.660174826,0.954061009,0.806236125
0.981615368,0.986991364,0.506240336,0.840295696,0.976883213,0.970251602,0.660174826,0.941933041,0.801781893
1,1,0.526053191,0.817298276,1,0.975972654,0.665976114,1,0.874164915
0.94332709,0.991973401,0.522621038,0.821131179,0.982453724,0.961098398,0.67285455,0.946343148,0.871381006
0.963440211,0.997509078,0.514664563,0.828796986,0.962458749,0.985125973,0.659304685,0.941198018,0.86636987
0.978472659,0.988375338,0.526209119,0.812187738,0.980166321,0.965675057,0.673020332,0.902241826,0.854120315
0.96590198,0.985884444,0.553822286,0.828796986,0.961597402,0.934782609,0.644718894,0.905181848,0.859688188
0.960978436,0.961804648,0.564430602,0.824964083,0.96138223,0.938215217,0.735134412,0.855567811,0.879732733
0.946574497,0.961804648,0.564898605,0.865848384,0.937538784,0.911899199,0.778436164,0.850790119,0.894209515
0.953174094,0.981455881,0.569578839,0.873514191,0.938803539,0.919908581,0.730990708,0.683204606,0.88195996
0.951131359,0.979241626,0.55897029,0.911843224,0.944616492,0.933638444,0.734264267,0.645718536,0.893095874
0.935575094,0.839468687,0.557722442,0.908010321,0.818913361,0.860411899,0.756225971,0.646821035,0.852450047
0.925204285,0.835870431,0.556162286,0.886290535,0.820985589,0.892448398,0.754858478,0.621095163,0.827394311
0.892887089,0.842236443,0.59329185,0.915676127,0.813477208,0.909611098,0.802511069,0.640940844,0.842984457
0.882254374,0.841406136,0.65054611,0.908010321,0.80785282,0.910755263,0.801185055,0.633958007,0.805679388
0.908548052,0.840852468,0.689859746,0.881179998,0.861002802,0.909611098,0.834666251,0.635428091,0.802338575
0.897758202,0.815942586,0.671606812,0.858182578,0.850911033,0.901601716,0.862470469,0.63138546,0.807906392
0.89922478,0.807639153,0.650234035,0.96550387,0.873408912,0.895881007,0.894957089,0.632120484,0.820712852
0.903938843,0.807085458,0.447581832,0.95400516,0.871713482,0.889016018,0.878796669,0.613377449,0.798997762
0.902786523,0.808746294,0.452106154,0.985946021,0.871229096,0.890160297,0.857456621,0.617052495,0.780623707
0.903676938,0.804317731,0.456318385,0.989778925,0.864985636,0.8798627,0.878050832,0.608599757,0.766703885
0.904619705,0.794077071,0.455226232,0.978280215,0.860007094,0.863844279,0.878506581,0.590224161,0.745545699
0.887125482,0.774702451,0.464430538,0.996167097,0.863828465,0.855835126,0.874031435,0.601249482,0.748329607
0.868478944,0.771104416,0.478159165,0.998722366,0.819020947,0.838672769,0.87813366,0.604557089,0.744432057
0.868007558,0.771104416,0.460842456,0.978280215,0.830862021,0.820366133,0.825715835,0.616685056,0.752784062
0.857479541,0.763077817,0.446645842,0.978280215,0.835948312,0.829519451,0.883479075,0.618155141,0.755011289
0.838937775,0.76224751,0.450390069,0.982113118,0.811916466,0.81006865,0.87705626,0.613744887,0.783407616
0.817515211,0.726819913,0.446645842,0.978280215,0.762722379,0.808924485,0.87573037,0.634693067,0.782850934
0.814739184,0.714918445,0.451326076,0.964226236,0.779165194,0.796338787,0.847263147,0.635428091,0.771158116
0.815262916,0.724605659,0.449454079,1,0.767001362,0.791762014,0.8198732,0.626975354,0.777282838
0.807406223,0.721284236,0.424805061,0.966781505,0.782717516,0.771167048,0.818091436,0.627710378,0.752227102
0.805468264,0.704124119,0.433853455,0.948894623,0.756855717,0.789473684,0.811875881,0.604924675,0.737193916
0.804263592,0.703570424,0.433853455,0.984668387,0.743373087,0.786041304,0.817552734,0.596471937,0.741648148
0.788078745,0.687240614,0.447893923,0.989778925,0.690546028,0.791762014,0.835287782,0.595369291,0.728285007
0.788340651,0.687240614,0.437129445,0.96550387,0.680077462,0.772311213,0.834210377,0.614112473,0.731069139
0.768594217,0.719070175,0.425585139,0.909287955,0.700422624,0.781464531,0.859486994,0.633590568,0.741648148
0.763565897,0.713534471,0.427613064,0.849239137,0.71097184,0.791762014,0.923258655,0.632120484,0.731069139
0.805468264,0.733739371,0.437285607,0.828796986,0.708630564,0.791762014,0.954046344,0.643145805,0.731069139
0.814686759,0.747578287,0.414040584,0.810910104,0.682338091,0.805492105,0.958977359,0.639470759,0.734966689
0.841294767,0.739828549,0.416536746,0.817298276,0.664011444,0.790617849,1,0.666299093,0.751113739
0.849203892,0.743980058,0.420748977,0.814743007,0.678247507,0.78489714,0.97849417,0.676221952,0.773942248
0.850251435,0.729034001,0.431981208,0.808354835,0.691218812,0.772311213,0.969502404,0.665196631,0.999443318
0.811282223,0.741212302,0.439001676,0.777691608,0.718076486,0.774599542,0.922222729,0.715913314,1
0.755185392,0.726543079,0.435413377,0.76363763,0.709949194,0.803203661,0.907802595,0.732083766,0.998329677
0.760266059,0.728757361,0.421372908,0.793023222,0.701902718,0.781464531,0.911697684,0.738331395,0.982739587
0.756285366,0.70716868,0.383775341,0.76363763,0.694959535,0.739130549,0.827621905,0.722895968,0.932071433
0.753090305,0.717132506,0.390795576,0.780246877,0.720390825,0.727688902,0.857497971,0.704520371,0.940423215
0.725277619,0.69111551,0.405148353,0.846683868,0.698484921,0.733409611,0.832304311,0.700845325,0.900334014
0.740414849,0.696927827,0.392979647,0.881179998,0.700207287,0.751716247,0.853271439,0.700845325,0.895879783
0.736381725,0.706061539,0.409204437,0.915676127,0.724131547,0.767734668,0.877346348,0.715178254,0.878619147
0.736905536,0.729034001,0.392823735,0.877457099,0.729486886,0.736842105,0.8794182,0.711870646,0.86247232
0.760737524,0.707998987,0.385491426,0.869527588,0.703221349,0.734553776,0.868147322,0.696067633,0.832962129
0.755394946,0.681428297,0.394539803,0.863580456,0.680938645,0.702517162,0.844030934,0.675486892,0.813474489
0.735700786,0.675339146,0.384711348,0.850695129,0.660808984,0.691075515,0.836986717,0.669606738,0.801781893
0.730567767,0.675062312,0.403900272,0.86655415,0.666406598,0.673913043,0.846890102,0.670341761,0.801781893
0.731981992,0.67146425,0.391419725,0.86655415,0.680911871,0.688787185,0.867111396,0.658948855,0.798997762
0.725906133,0.672294557,0.378939179,0.842765746,0.696305104,0.663615561,0.866448387,0.681734668,0.792316302
0.733134313,0.684472886,0.361310411,0.838800991,0.69008858,0.672768879,0.819127362,0.678059475,0.802895256
0.736329374,0.656518221,0.350702096,0.80311845,0.641567278,0.652173913,0.80466575,0.670341761,0.782850934
0.719306537,0.665928573,0.340873625,0.790232996,0.65235877,0.651029748,0.844445329,0.680264584,0.767260566
0.701497983,0.663437679,0.356474249,0.802127261,0.653193014,0.684210526,0.862926339,0.688717358,0.763363016
0.713806835,0.698034968,0.384555419,0.831862797,0.696197518,0.715102975,0.908465604,0.703050287,0.802338575
0.713649707,0.686133473,0.37784726,0.846730502,0.683441385,0.684210526,0.906062185,0.685777189,0.778953384
0.732924759,0.696374132,0.381747416,0.829880292,0.68465243,0.687643021,0.912153434,0.69423011,0.780066747
0.742509936,0.666205406,0.374258945,0.802127261,0.66236989,0.670480549,0.8875813,0.688717358,0.746102603
0.749947596,0.636036681,0.374258945,0.784285863,0.643128184,0.677345538,0.877346348,0.684307252,0.738307279
0.684789483,0.665375099,0.373167026,0.835827425,0.685271502,0.701372998,0.911034679,0.726203575,0.791759565
0.73077732,0.674232005,0.378471192,0.834836236,0.695739906,0.704805492,0.918037547,0.746049256,0.79398657
0.769379855,0.663437679,0.399688041,0.834836236,0.70265615,0.721967849,0.876393375,0.725101113,0.824053442
0.759899455,0.671187416,0.426053142,0.822942098,0.698888656,0.709382265,0.883603382,0.737963957,0.841870815
0.770636953,0.656518221,0.422620974,0.801136073,0.687289855,0.700228833,0.84291218,0.732818826,0.856904279
0.743714687,0.659562782,0.41497659,0.807083205,0.705428104,0.724256293,0.755065742,0.718485861,0.831291806
0.739891038,0.668419688,0.428237214,0.826906853,0.70661221,0.739130549,0.728877502,0.751561861,0.853006729
0.72894406,0.67174089,0.418408743,0.822942098,0.705724088,0.704805492,0.745037921,0.764792328,0.840200492
0.729467871,0.681151463,0.412480428,0.822942098,0.735407422,0.739130549,0.793104908,0.761117245,0.860801774
0.719096983,0.684472886,0.424649133,0.826906853,0.715385348,0.830663616,0.790577182,0.772877627,0.869153779
0.72894406,0.709106128,0.42917322,0.832853986,0.752280749,0.818077803,0.829486621,0.754869469,0.909242701
0.715063933,0.712980997,0.442121754,0.859615828,0.760085115,0.826086842,0.811875881,0.732083766,0.909242701
0.743976514,0.696650966,0.439001676,0.855651073,0.839850495,0.829519451,0.823975425,0.747886816,0.886414192
0.733972381,0.701909837,0.45600631,0.872501282,0.819882131,0.790617849,0.765466351,0.755237054,0.888641419
0.738162555,0.713811304,0.465054703,0.861598206,0.807045511,0.798626888,0.771764859,0.748621839,0.907015696
0.74837632,0.703847285,0.463026544,0.838800991,0.814419206,0.813501259,0.752455188,0.746049256,0.899777333
0.745233611,0.688347755,0.563962599,0.787259557,0.799644881,0.795194622,0.764803342,0.739066456,0.869153779
0.732662932,0.689731508,0.548517902,0.79518894,0.767404933,0.799771167,0.728877502,0.730246243,0.868596875
0.737167442,0.673955172,0.567706826,0.791224185,0.774321177,0.798626888,0.762897275,0.73355385,0.875278501
0.728210774,0.646000506,0.558190446,0.781312424,0.75055838,0.770022769,0.744789311,0.718118276,0.863585683
0.731877216,0.628840389,0.559282364,0.751576888,0.741597008,0.778031922,0.770107278,0.715545729,0.869153779
0.709249979,0.596733994,0.551326124,0.7505857,0.704620794,0.766590503,0.76057681,0.683204606,0.837416583
0.719096983,0.596457354,0.554914205,0.746621072,0.701149121,0.755148741,0.714291587,0.657478917,0.822939857
0.684370448,0.582064771,0.547425968,0.733735618,0.673672704,0.739130549,0.702564959,0.644248451,0.807906392
0.672952011,0.557431528,0.53837759,0.720850291,0.64164809,0.71624714,0.684374042,0.635060653,0.780066747
0.636601697,0.571547278,0.558814361,0.76644472,0.655157658,0.726544622,0.760038107,0.649393581,0.81403117
0.619421732,0.54636034,0.588611616,0.739682751,0.620145922,0.733409611,0.865826856,0.658948855,0.808463352
0.617169516,0.567395548,0.561310524,0.73175324,0.647137953,0.74141865,0.90307871,0.658948855,0.851893088
0.59768491,0.555217246,0.565990758,0.737700373,0.671519661,0.744851259,0.899515188,0.662256462,0.855233956
0.625078562,0.591475344,0.584555532,0.762479965,0.732608533,0.779176087,0.942982597,0.683939666,0.89253897
0.636182663,0.575145313,0.575663067,0.722832669,0.697193226,0.758581121,0.906227967,0.672914345,0.88585751
0.662738325,0.61168005,0.583151304,0.753559266,0.764310224,0.816933524,0.968880744,0.676956976,0.891982288
0.63565893,0.630500976,0.565678683,0.757524021,0.800156205,0.827231007,0.993577309,0.671076785,0.896993424
0.664833412,0.604207119,0.570202755,0.740673939,0.777281529,0.805492105,0.990096486,0.667034154,0.860801774
0.673632951,0.604483759,0.560686358,0.729770863,0.783632575,0.812356979,0.964364124,0.657111295,0.639755158
0.697412508,0.594519933,0.578783145,0.736709184,0.759896716,0.78718524,0.947126301,0.657846356,0.612472194
0.703174115,0.621090624,0.57706706,0.744638567,0.778034962,0.802059497,0.937015655,0.675486892,0.606347473
0.690708134,0.597010827,0.585491538,0.72184148,0.73069793,0.763157895,0.943645606,0.627342939,0.570712727
0.691912885,0.5942431,0.567394751,0.724814919,0.737506427,0.779176087,0.959971807,0.631017985,0.547884218
0.662057385,0.604483759,0.560998449,0.746621072,0.760246578,0.782608696,0.982016343,0.61742008,0.555122581
0.665985732,0.615001473,0.567862755,0.760497588,0.767351221,0.78718524,0.962499532,0.613377449,0.564588005
0.662581196,0.590921677,0.582371226,0.757524021,0.739094268,0.788329405,0.892305185,0.617052495,0.557349586
0.660905065,0.605867734,0.565522755,0.771400536,0.757743838,0.85812357,0.885302313,0.614112473,0.567371914
0.653415053,0.650982516,0.534321506,0.777347669,0.848112145,0.860411899,0.937844446,0.647923497,0.589086781
0.651477095,0.663160817,0.516848651,0.77635648,0.841465111,0.850114416,0.894957089,0.646085974,0.587973418
0.705635884,0.66675888,0.538533503,0.775365292,0.82970485,0.866132723,0.866779954,0.656743857,0.599666013
0.648962895,0.660116256,0.539157668,0.788250746,0.848838806,0.870709497,0.843865277,0.639838198,0.616926426
0.639639624,0.645723866,0.533541428,0.812039149,0.827094362,0.891304462,0.812911807,0.642778367,0.602449922
0.643148942,0.599778555,0.543213737,0.823933159,0.803816113,0.890160297,0.815066487,0.597206814,0.609688286
0.620259795,0.592582264,0.542589821,0.951795875,0.798191561,0.850114416,0.81771852,0.601249482,0.587416458
0.624031018,0.608358849,0.528549119,0.955760502,0.827847959,0.848970252,0.793229215,0.596104351,0.589086781
0.623978666,0.595903686,0.540405734,0.953778125,0.815979948,0.815789359,0.751957964,0.60345459,0.580178095
0.626702263,0.586493334,0.551482052,0.954769314,0.81078607,0.83524016,0.717523671,0.584711408,0.576837504
0.610831746,0.562967012,0.54071759,0.961707635,0.771549391,0.818077803,0.690133848,0.579198803,0.556236223
0.592080432,0.56047609,0.533229353,0.956751691,0.755025761,0.789473684,0.663779827,0.561925705,0.541202758
0.593704211,0.554110105,0.542745734,0.94981337,0.736295379,0.800915332,0.690672551,0.561190681,0.545100309
0.585637964,0.533075092,0.532449275,0.924042589,0.715170011,0.764302059,0.69266145,0.565968373,0.527282936
0.595432616,0.533628565,0.513728573,0.948822181,0.705024365,0.717391304,0.701901954,0.553472968,0.519487668
0.580243039,0.527262775,0.516068573,0.950804558,0.67644449,0.731121167,0.67310316,0.554943052,0.522828537
0.564896334,0.580681017,0.55897029,0.981531283,0.739363317,0.78718524,0.718269633,0.558985683,0.58184864
0.536874094,0.553556632,0.525116966,0.969637018,0.723431824,0.737986384,0.713587227,0.554943052,0.583518963
0.584485643,0.552172657,0.507332254,0.958734196,0.710352768,0.709382265,0.750590472,0.561925705,0.570156045
0.571391153,0.554386939,0.511700414,0.956751691,0.705993138,0.735697941,0.743504772,0.56339579,0.574610277
0.537764509,0.577913068,0.521060882,0.970628206,0.701095408,0.640732265,0.752289402,0.563763228,0.595211559
0.530483978,0.570440137,0.534477434,0.948822181,0.710218244,0.630434783,0.735880373,0.556780575,0.59242765
0.503195066,0.567672381,0.548829977,0.959725257,0.715950382,0.624713959,0.677578431,0.547592777,0.596882049
0.407081516,0.569332996,0.580343301,0.953778125,0.696654966,0.609839817,0.682385143,0.533627287,0.59799569
0.406191064,0.564074152,0.642745798,0.945848742,0.708845736,0.608695652,0.628972742,0.526644597,0.591870913
0.411900283,0.571547278,0.636193567,0.93791936,0.696412691,0.629290618,0.693448762,0.527379657,0.559576813
0.411847889,0.577636428,0.643525876,0.940892798,0.667886689,0.648741419,0.726059817,0.532157349,0.572939954
0.413943018,0.580681017,0.639469558,0.943866237,0.657471997,0.646453089,0.742385893,0.529952204,0.568485499
0.409909931,0.554386939,0.662090416,0.933954477,0.639683613,0.64416476,0.706087132,0.524072013,0.563474363
0.426461345,0.549128096,0.662558653,0.933954477,0.554347557,0.708237986,0.683545376,0.494671095,0.552895354
0.414204924,0.536949988,0.65850235,0.931972227,0.547565835,0.71395881,0.689926713,0.489525965,0.548440955
0.421223549,0.539440882,0.663650572,0.923051528,0.549099805,0.735697941,0.704926903,0.492098549,0.550111445
0.412738309,0.528646556,0.669266812,0.915122017,0.523426405,0.717391304,0.681059129,0.498346178,0.556792904
0.416509528,0.497370689,0.663494659,0.885386609,0.470760806,0.702517162,0.670989958,0.493201011,0.533964395
0.407133868,0.472460585,0.693447827,0.904218941,0.466616512,0.702517162,0.658185931,0.46196257,0.539532268
0.400481882,0.45972881,0.68393143,0.887368987,0.457358991,0.705949657,0.670658392,0.430356434,0.52060131
0.398282019,0.469415996,0.814352665,0.884395292,0.453618269,0.701372998,0.648821119,0.419698625,0.538975531
0.390006291,0.471907112,0.830733367,0.882413043,0.454560102,0.705949657,0.653752135,0.425578816,0.52616935
0.387963555,0.457237695,0.806240278,0.870518777,0.41793375,0.697940503,0.664360008,0.406468195,0.5100223
0.387649298,0.464987654,0.823869061,0.87646591,0.419979039,0.703661327,0.634691073,0.412348386,0.520044572
0.368059915,0.471907112,0.82262098,0.889351236,0.417368552,0.725400458,0.683876814,0.425946328,0.519487668
0.377592704,0.473290893,0.832293289,0.901245502,0.421082334,0.731121167,0.699125743,0.428886423,0.5100223
0.381835345,0.477442595,0.846957907,0.899263124,0.420920873,0.745995423,0.658310238,0.434399176,0.52616935
0.380002085,0.47882657,0.851794069,0.873492471,0.429559487,0.757437185,0.642398428,0.43917672,0.520044572
0.393410868,0.4741212,0.858502463,0.861598206,0.439059119,0.752860412,0.627066675,0.45938984,0.537305264
0.395663121,0.47882657,0.884087471,0.861598206,0.447563207,0.786041304,0.663116946,0.472987891,0.542873081
0.391839514,0.47384456,0.883775396,0.828889103,0.458273887,0.78375286,0.641652466,0.468945223,0.543986723
0.395767861,0.482424632,0.878159156,0.847269663,0.43408058,0.797482723,0.557866775,0.495038571,0.543986723
0.4355751,0.478272902,0.873791012,0.841329046,0.439301394,0.796338787,0.556292272,0.485850772,0.547884218
0.438455903,0.471630278,0.875039078,0.84504198,0.439059119,0.770022769,0.554054638,0.473722952,0.538975531
0.440917678,0.466648268,0.883931324,0.796032306,0.410829105,0.776887986,0.554344727,0.448364519,0.548440955
0.430127787,0.461389397,0.872387003,0.774497906,0.407034672,0.776887986,0.524385704,0.449467165,0.556792904
0.431961047,0.458068196,0.873323009,0.778210711,0.393363644,0.778031922,0.495131169,0.43917672,0.54621395
0.434894202,0.455023634,0.888767705,0.780438395,0.401840794,0.779176087,0.460406912,0.423373781,0.562917682
0.430808726,0.459451977,0.888143555,0.758161433,0.434161392,0.775743822,0.461359947,0.430723983,0.554008995
0.428818338,0.436756155,0.874103087,0.739597149,0.436502669,0.748283867,0.443417702,0.42263872,0.556792904
0.433951398,0.456684221,0.902496098,0.791576939,0.484781696,0.78718524,0.489993014,0.436236698,0.578507827
0.42263778,0.455023634,0.90171602,0.784151328,0.494792653,0.797482723,0.488252604,0.434766614,0.602449922
0.441179541,0.448657622,0.926521185,0.768557289,0.485804342,0.804347941,0.490531592,0.427416339,0.606347473
0.423475807,0.451702212,0.904212183,0.772270222,0.481552298,0.806636041,0.464343418,0.420066173,0.457126919
0.411638377,0.44229186,0.902808173,0.738112027,0.477300254,0.796338787,0.473749642,0.411613326,0.442650414
0.405038781,0.450595071,0.914352729,0.744795205,0.477084917,0.778031922,0.42472962,0.427783887,0.430957819
0.401005657,0.456684221,0.935725506,0.74850801,0.470922269,0.781464531,0.414453251,0.420801124,0.436525637
0.401372297,0.451148738,0.92558496,0.75593375,0.458623748,0.763157895,0.4194671,0.388092599,0.423162551
0.387073141,0.458344836,0.960998439,0.767072167,0.449716086,0.750571968,0.4276302,0.385152503,0.432628142
0.384035208,0.442015026,0.975507145,0.781923645,0.440404688,0.763157895,0.434757374,0.389195135,0.432071182
0.384139949,0.438416769,0.976911138,0.800487801,0.429290437,0.736842105,0.445613923,0.401323028,0.430400915
0.385082752,0.437863296,0.970358907,0.799002679,0.432788885,0.764302059,0.447105657,0.415288445,0.437082374
0.37947831,0.431220672,0.977847145,0.791576939,0.436960117,0.764302059,0.442588974,0.409775803,0.448218232
0.383459046,0.456961055,1,0.808656101,0.449366224,0.786041304,0.440682904,0.414185983,0.449888555
0.386444589,0.430390281,0.966770826,0.781923645,0.416991916,0.76201373,0.440558597,0.393237729,0.431514501
0.406295841,0.437309822,0.960218361,0.744052516,0.433327145,0.78718524,0.424978234,0.386255039,0.437639278
0.399434339,0.448104176,0.990639766,0.792319628,0.431604779,0.789473684,0.469605938,0.39213523,0.463808378
0.414781086,0.448104176,0.995319766,0.918556171,0.438843946,0.78718524,0.465420818,0.4035281,0.452115782
0.399329562,0.440907885,0.987519454,0.927467032,0.437309978,0.792906178,0.538018526,0.406100647,0.427060046
0.394248895,0.44450592,0.973634914,0.918556171,0.439731903,0.796338787,0.554096117,0.403160588,0.413697128
0.44804108,0.448104176,0.980031217,0.899249454,0.430070808,0.756293021,0.53271459,0.407203219,0.402004532
0.449664786,0.445336227,0.991887613,0.894051526,0.419548366,0.759725286,0.519123246,0.405733135,0.37583521
0.429551666,0.445613061,0.995787769,0.897764459,0.405608288,0.766590503,0.563916674,0.415655994,0.365812938
0.429656406,0.446720202,0.971606989,0.879942609,0.409564348,0.736842105,0.568971996,0.417861028,0.348552247
0.438822549,0.450871904,0.959594446,0.878457614,0.406308011,0.719679748,0.567397368,0.419698625,0.347995565
0.437670228,0.430943838,0.948985896,0.868804192,0.391318352,0.705949657,0.520283479,0.423006232,0.331291834
0.4355751,0.432604452,0.926053197,0.875487242,0.380257814,0.671624714,0.520159172,0.424108731,0.300111375
0.463021182,0.412676469,0.909828407,0.842071735,0.377082289,0.631578947,0.490655899,0.425211304,0.288418724
0.477477467,0.415167474,0.945553977,0.846527102,0.373287693,0.64187643,0.471594961,0.435501675,0.291202689
0.489157773,0.420979791,0.904992261,0.835388557,0.358136735,0.651029748,0.472796544,0.429253972,0.292872956
0.491881406,0.422086932,0.904368329,0.832418313,0.358540306,0.654462243,0.446111147,0.418963601,0.311247233
0.482348622,0.407971182,0.885023477,0.772270222,0.350574641,0.64416476,0.447022766,0.429253972,0.286191553
0.467001875,0.419319204,0.880499156,0.764844483,0.342945205,0.647597254,0.437450819,0.366776907,0.278396452
0.47229206,0.448934484,0.884087471,0.771527661,0.345891923,0.66819222,0.448597332,0.367879443,0.293429916
0.464749623,0.462219705,0.904056254,0.73217141,0.360773996,0.703661327,0.443210567,0.337375989,0.300111375
0.439765352,0.48021035,0.927457191,0.761874239,0.417260966,0.705949657,0.452823926,0.377067241,0.300111375
0.444165085,0.438416769,0.948674055,0.767072167,0.441050698,0.624713959,0.451000688,0.399117993,0.294543502
0.453331228,0.422086932,0.942901653,0.793804623,0.450523395,0.606407323,0.459122372,0.3869901,0.295657143
0.442227127,0.417658479,0.905616176,0.787121573,0.418767995,0.582379863,0.459702491,0.375964705,0.292872956
0.432484821,0.402158865,0.829641214,0.763359361,0.406496412,0.546910755,0.436124805,0.373759633,0.269487766
0.43007544,0.396069825,0.822152977,0.786379012,0.368040105,0.54576659,0.418762678,0.376332217,0.280066775
0.418342746,0.383891496,0.763806564,0.778210711,0.36038373,0.542334096,0.414743282,0.372657098,0.243318443
0.412685957,0.38942709,0.763650636,0.784896572,0.370865765,0.564073227,0.392367307,0.384049931,0.242204858
0.418709433,0.390257398,0.780655254,0.772270222,0.366936644,0.543478261,0.380847815,0.389562683,0.237193666
0.407133868,0.394962684,0.772074864,0.790834506,0.37573672,0.553775744,0.389839644,0.395442837,0.246102352
0.397496344,0.39247168,0.78159126,0.776725589,0.371646136,0.526315789,0.356027006,0.389930195,0.242761762
0.409648025,0.408524767,0.778471182,0.77746815,0.375817368,0.533180778,0.356607124,0.374127182,0.237750626
0.409700414,0.392748403,0.743681852,0.791576939,0.36742103,0.54805492,0.357187239,0.340683596,0.212694889
0.418709433,0.393301959,0.776911026,0.7626168,0.372426671,0.514874142,0.363029877,0.314590213,0.233296171
0.42557093,0.398837553,0.806240278,0.802715484,0.371081102,0.526315789,0.353623653,0.319735343,0.201002294
0.429813534,0.383891496,0.793291728,0.83687368,0.338437583,0.518306636,0.344258904,0.310915057,0.211581248
0.407919542,0.383891496,0.802028047,0.828705507,0.319276689,0.54576659,0.345253414,0.305769926,0.217149344
0.40079614,0.391641372,0.769734864,0.810141223,0.3172314,0.522883295,0.303816378,0.295112117,0.206570112
0.414676304,0.379463043,0.751014161,0.805685857,0.278694277,0.519450801,0.290142143,0.285556807,0.201002294
0.402210366,0.400498278,0.760530558,0.82053989,0.308215987,0.522883295,0.294244372,0.289966913,0.214365212
0.426985119,0.402989283,0.75413424,0.817569773,0.314297986,0.517162471,0.315211562,0.294744605,0.213808475
0.451550393,0.411015771,0.768954786,0.850242719,0.331790385,0.549199085,0.31434136,0.298419651,0.221603576
0.440131998,0.409908741,0.762246642,0.856183463,0.327376878,0.550343249,0.288691822,0.301359746,0.219376349
0.482401011,0.418488786,0.76770672,0.851727969,0.331010014,0.54805492,0.268429116,0.297317152,0.229398621
0.442908024,0.418212063,0.771918951,0.861381263,0.339890739,0.556064073,0.265321338,0.302462319,0.22216048
0.42892312,0.418212063,0.776131182,0.857668458,0.344896216,0.54576659,0.269837958,0.311650117,0.231625848
0.422218746,0.420426234,0.761778405,0.849500285,0.338921966,0.537757437,0.244727127,0.315325236,0.22605803
0.41876178,0.383891496,0.762558483,0.831678563,0.329772032,0.537757437,0.243732675,0.300624796,0.237193666
0.400219977,0.391641372,0.782683413,0.849500285,0.348744524,0.559496568,0.223387078,0.316060297,0.335189384
0.393829903,0.3944091,0.790327579,0.863609075,0.34664552,0.537757437,0.227986589,0.314590213,0.33630297
0.384925623,0.40271245,0.78689541,0.864351636,0.344035032,0.566361556,0.225748956,0.342521119,0.329621288
0.373088194,0.380293351,0.743369778,0.862123952,0.325654676,0.566361556,0.202046967,0.325615607,0.315701465
0.345432637,0.374757867,0.759282477,0.907420692,0.325708386,0.564073227,0.201011041,0.335905905,0.31625837
0.337156909,0.348187066,0.741185706,0.917074115,0.291073449,0.573226545,0.201466849,0.327085618,0.306792779
0.348837215,0.358151113,0.732293225,0.920044487,0.276998847,0.558352403,0.205030438,0.306872499,0.305122511
0.357531972,0.318848648,0.663026656,0.866579319,0.24448985,0.550343249,0.174781451,0.290334425,0.25779517
0.365860051,0.326321662,0.655070182,0.885143603,0.253666726,0.540045767,0.178717957,0.289599365,0.229955525
0.357060549,0.299474138,0.657878419,0.858411147,0.221319189,0.520594966,0.156632009,0.286659269,0.203786203
0.349151467,0.298090274,0.654758341,0.822767701,0.214376007,0.479405034,0.158330944,0.29253946,0.214922117
0.331185827,0.327428692,0.692199746,0.854698213,0.241610313,0.504576659,0.189491549,0.323778011,0.297884148
0.326943222,0.350401348,0.712636532,0.850242719,0.276057015,0.538901602,0.190196033,0.339213512,0.317928693
0.350827561,0.337116016,0.728081228,0.82053989,0.269059956,0.528604119,0.217337242,0.342153607,0.30400887
0.356327263,0.334901735,0.706552289,0.811629156,0.251406097,0.537757437,0.219533401,0.339581024,0.302338547
0.360831772,0.331303699,0.688455518,0.836134057,0.249549203,0.534324943,0.204989022,0.360161655,0.292872956
0.361093678,0.351231655,0.69921998,0.785639261,0.269140771,0.513729977,0.196825921,0.364571835,0.292316275
0.360098481,0.344035474,0.700780136,0.804203545,0.271643508,0.488558352,0.169270317,0.349136334,0.281180361
0.358422392,0.329919697,0.663650572,0.818312207,0.248338159,0.480549199,0.171342169,0.327820642,0.279510094
0.354913074,0.337946296,0.654446266,0.839846863,0.277106433,0.480549199,0.18642525,0.346931299,0.301224961
0.356903426,0.310545326,0.646489792,0.834648807,0.258941249,0.488558352,0.166825487,0.334803406,0.270601407
0.351822753,0.288956534,0.636817483,0.825737946,0.242821358,0.471395881,0.16616254,0.343623692,0.241091216
0.347842018,0.26819816,0.629641336,0.821282579,0.18251302,0.467963387,0.156549118,0.357589109,0.24832958
0.319348434,0.293108237,0.677379199,0.818312207,0.23079205,0.470251716,0.186010855,0.361999288,0.256681584
0.305992039,0.284251358,0.660998497,0.800490612,0.253774312,0.464530892,0.1727096,0.35207643,0.263919948
0.328671705,0.324937688,0.576599073,0.812371718,0.314997709,0.47826087,0.19222641,0.365674334,0.262249402
0.222868207,0.33324112,0.582215298,0.813114279,0.328991661,0.466819222,0.212447701,0.381844896,0.238864212
0.23433899,0.331857145,0.590795688,0.803460856,0.307489492,0.467963387,0.205279114,0.372657098,0.236636984
0.240624371,0.284528081,0.539469509,0.724005921,0.252321157,0.431350114,0.194298262,0.388460111,0.191536703
0.241200492,0.298366997,0.538533503,0.706184198,0.252617141,0.449656751,0.181287033,0.409408291,0.193207193
0.221820663,0.304456147,0.531981272,0.722520798,0.270297939,0.467963387,0.18377328,0.408305792,0.177616881
0.223863398,0.314696918,0.545085734,0.726976165,0.310422739,0.487414188,0.195251293,0.384784991,0.201558976
0.228053651,0.31801823,0.559126436,0.755936433,0.312925479,0.498855835,0.224008609,0.406835707,0.199331748
0.229572617,0.316634366,0.542277746,0.733659343,0.342070553,0.533180778,0.233290526,0.412715898,0.185411926
0.240624371,0.323000239,0.553822286,0.735144465,0.342016679,0.463386728,0.250031063,0.414185983,0.188196057
0.237481662,0.337669573,0.5297972,0.706184198,0.352027797,0.443935927,0.242696749,0.425578816,0.193207193
0.238110208,0.34763362,0.515288729,0.69133272,0.375171522,0.424485126,0.243111082,0.425946328,0.195991158
0.245862167,0.347910343,0.510452566,0.697273336,0.38981132,0.45194508,0.244851434,0.436604137,0.190979966
0.244343201,0.310822049,0.495787948,0.693560403,0.352835106,0.447368421,0.233787749,0.435501675,0.172049007
0.238267337,0.244118475,0.525273113,0.712124687,0.346376309,0.45423341,0.229685524,0.457919902,0.180957694
0.221663534,0.25186824,0.52121681,0.700986142,0.358567244,0.477116705,0.248166409,0.464902592,0.195434198
0.222658726,0.255466386,0.512792567,0.681679425,0.341774568,0.470251716,0.229685524,0.486585796,0.199331748
0.216059093,0.243288167,0.575975142,0.666827947,0.300600184,0.455377574,0.208386892,0.460492486,0.192093608
0.216792384,0.248823651,0.570982833,0.686134792,0.296751875,0.443935927,0.218953286,0.464167532,0.198775067
0.211554588,0.234984735,0.559594439,0.703213953,0.295836815,0.434782609,0.234409342,0.478133022,0.177616881
0.213544935,0.240243606,0.56848667,0.721035548,0.3172314,0.457665904,0.239671804,0.457184878,0.178730467
0.210192746,0.242457777,0.576286982,0.719550426,0.308969583,0.465675057,0.233829228,0.4601249,0.176503239
0.215849576,0.265983989,0.611076546,0.758164116,0.316693137,0.480549199,0.237351339,0.458287377,0.210467662
0.214278221,0.259341254,0.59001561,0.74628301,0.287467415,0.488558352,0.219367681,0.450937102,0.215478798
0.219358889,0.257680667,0.608892474,0.771530344,0.292257555,0.489702517,0.237558536,0.457919902,0.224387485
0.21804944,0.254912801,0.612012552,0.780441205,0.291207974,0.481693364,0.268470594,0.466005091,0.239977853
0.220615949,0.243841752,0.602340243,0.749995944,0.291100387,0.433638444,0.280694507,0.458654963,0.224387485
0.225277624,0.248823651,0.620280868,0.769302661,0.280685695,0.42791762,0.29018356,0.471885245,0.231069167
0.22564427,0.25380566,0.63962572,0.7767284,0.293414726,0.433638444,0.250113954,0.475927913,0.247215994
0.226429908,0.248270205,0.62808118,0.787866945,0.287279017,0.40617849,0.236315413,0.477030559,0.238307307
0.226796554,0.265707156,0.630889167,0.798262928,0.30490594,0.431350114,0.259395871,0.489525965,0.25612468
0.220930248,0.263492984,0.60717639,0.789352067,0.308808123,0.441647597,0.257489742,0.485483297,0.24832958
0.217682799,0.234431289,0.563650524,0.779698644,0.285126138,0.431350114,0.270666749,0.485115712,0.233296171
0.216425739,0.249100484,0.579251148,0.793807434,0.319276689,0.42791762,0.264285412,0.490260842,0.244432085
0.204902561,0.259894839,0.596879931,0.813114279,0.320110936,0.433638444,0.260058818,0.501653785,0.260022175
0.208097622,0.258234113,0.587831538,0.804203545,0.290535189,0.414187643,0.25504497,0.484013213,0.260022175
0.208464268,0.231940256,0.570982833,0.767074977,0.277590819,0.377574371,0.252641613,0.448364519,0.235523398
0.207626241,0.235261569,0.577535064,0.771530344,0.262224524,0.370709382,0.259685897,0.427416339,0.244432085
0.198355337,0.244118475,0.561466436,0.740342393,0.270782325,0.352402746,0.255790807,0.423741293,0.227171393
0.201393248,0.242457777,0.589859697,0.730688971,0.278532817,0.356979405,0.23515518,0.448732104,0.335189384
0.197045888,0.216717366,0.564742677,0.673511125,0.253585911,0.351258581,0.218538953,0.439544306,0.301224961
0.196260214,0.224190408,0.592199697,0.658659774,0.246050756,0.324942792,0.217047216,0.437339197,0.297327411
0.184265677,0.238582881,0.630889167,0.668313197,0.271159125,0.321510297,0.226370549,0.456082232,0.325167056
0.181489629,0.215333502,0.590327685,0.640838052,0.245969944,0.316933638,0.210500156,0.44799708,0.288975462
0.186098895,0.249100484,0.64196572,0.674996247,0.288113261,0.370709382,0.222475459,0.472620306,0.327394283
0.179656406,0.255466386,0.683151352,0.727718726,0.301649604,0.3798627,0.240500595,0.484380688,0.356904251
0.195998324,0.254082522,0.663026656,0.710639692,0.300923107,0.386727689,0.245141522,0.48732082,0.356904251
0.193641316,0.255743109,0.65054611,0.73662946,0.277725508,0.392448513,0.224215806,0.454979733,0.356904251
0.198512466,0.253528937,0.650389948,0.732916782,0.270513276,0.386727689,0.236605501,0.436604137,0.351893115
0.195422166,0.249930792,0.640093723,0.682421858,0.265857496,0.390160183,0.283180692,0.437339197,0.355233928
0.198669616,0.261832259,0.648205876,0.689847597,0.271347523,0.395881007,0.280404415,0.45314221,0.360245065
0.189189194,0.267644576,0.653198185,0.70915457,0.279582399,0.372997712,0.296399115,0.462697447,0.360245065
0.19070816,0.265707156,0.631357405,0.704698948,0.272558404,0.35812357,0.316247488,0.474825414,0.357460933
0.192593772,0.269582024,0.636193567,0.70915457,0.272208542,0.359267735,0.320266889,0.484380688,0.348552247
0.192803268,0.263492984,0.642745798,0.698015898,0.272827617,0.347826087,0.327145387,0.477397998,0.346881979
0.19018437,0.261832259,0.661622428,0.71583762,0.279394,0.338672769,0.336344414,0.472620306,0.370824074
0.192331867,0.255743109,0.657566344,0.716580181,0.279582399,0.342105263,0.328429927,0.468577638,0.355233928
0.197412534,0.254359245,0.65819026,0.712124687,0.288382311,0.348970252,0.337007423,0.457919902,0.360801802
0.195369794,0.25380566,0.678783209,0.710639692,0.293979924,0.33409611,0.330833284,0.471885245,0.350779474
0.194007956,0.25269863,0.66443065,0.694303092,0.300465495,0.330663616,0.329714525,0.445056911,0.354677024
0.193169909,0.249377235,0.668486734,0.725862323,0.293011155,0.354691076,0.331247679,0.4601249,0.360801802
0.188194024,0.26819816,0.686895596,0.721778237,0.307274153,0.35583524,0.339452191,0.45938984,0.364699296
0.195788807,0.263216151,0.687987515,0.712867376,0.309373157,0.345537757,0.339535086,0.461594985,0.347995565
0.19777918,0.27318017,0.712636532,0.704698948,0.313759726,0.340961098,0.336634506,0.469680284,0.358574575
0.198093453,0.265430405,0.690015674,0.687619914,0.313302278,0.338672769,0.339700805,0.462697447,0.347995565
0.180599214,0.270412442,0.685179511,0.698758459,0.312172046,0.327231121,0.353913742,0.462697447,0.348552247
0.174366221,0.266537546,0.689391508,0.695045653,0.3054442,0.327231121,0.341814135,0.442484328,0.351893115
0.176356589,0.263769707,0.712168529,0.714352498,0.306682019,0.322654462,0.357850248,0.457919902,0.350222792
0.175570935,0.247993343,0.681747359,0.703213953,0.278129079,0.299771167,0.360253604,0.453509649,0.337416611
0.17274252,0.236368709,0.668018731,0.684649669,0.282354188,0.308924485,0.34028092,0.444321851,0.326837379
0.167661853,0.225574383,0.666614737,0.629699507,0.276675923,0.288329519,0.346123558,0.449834603,0.326837379
0.16221454,0.225574383,0.680187202,0.652719157,0.281546878,0.306636156,0.357767357,0.449834603,0.351336434
0.161428881,0.228342111,0.667238653,0.648263663,0.27054005,0.324942792,0.377574252,0.483278189,0.345211656
0.165042955,0.215333502,0.678939121,0.595541311,0.208966792,0.321510297,0.360253604,0.382947432,0.353563438
0.166980929,0.214779945,0.686115518,0.598511556,0.197825605,0.336384439,0.351468969,0.372289549,0.339086879
0.162162167,0.230556282,0.69063959,0.605937167,0.188810192,0.348970252,0.355695505,0.365674334,0.339643616
0.161533637,0.229726002,0.698907905,0.588115572,0.192443329,0.35812357,0.357767357,0.352443941,0.351893115
0.164519181,0.225297549,0.689859746,0.576234466,0.200435929,0.362700229,0.325695128,0.365674334,0.347438883
0.159543269,0.203985591,0.664586578,0.553957377,0.189375391,0.378718535,0.318360756,0.35795662,0.346881979
0.154253085,0.20703018,0.678783209,0.576977027,0.196264697,0.391304348,0.350930271,0.377067241,0.356904251
0.146658297,0.128978695,0.651014113,0.556927621,0.184881235,0.353546911,0.338084765,0.367879443,0.347438883
0.151896093,0.153058381,0.655382272,0.556927621,0.176323434,0.347826087,0.342187052,0.368981942,0.378619119
0.14822963,0.1458622,0.654134191,0.555442371,0.138835735,0.350114416,0.317946361,0.359426705,0.385857483
0.145348848,0.146969341,0.661934503,0.571778972,0.141796084,0.35812357,0.322628767,0.359426705,0.380289442
0.143934643,0.140603329,0.62667717,0.535393093,0.131112179,0.329519451,0.326772471,0.341418547,0.368596847
0.147182071,0.132300007,0.611388387,0.549501882,0.140961839,0.337528604,0.335557102,0.379639824,0.36636962
0.144353656,0.115139779,0.58471146,0.523511859,0.126026054,0.329519451,0.336095804,0.402058089,0.330734929
0.144458412,0.107113181,0.571138995,0.50123477,0.100567826,0.308924485,0.302946175,0.379639824,0.335746065
0.140372936,0.081649631,0.542121818,0.458908402,0.072929781,0.225400458,0.299465476,0.360896716,0.316815107
0.134244705,0.081649631,0.538533503,0.453710346,0.079415519,0.219679634,0.293249921,0.361264228,0.316815107
0.12397863,0.075837203,0.527769041,0.438858996,0.071826487,0.209382151,0.291343792,0.328188191,0.309576966
0.117483779,0.07556048,0.538221662,0.460393524,0.083290764,0.223112128,0.301785942,0.335538356,0.335189384
0.115912419,0.075837203,0.529329197,0.444056924,0.064156646,0.225400458,0.284299509,0.334068345,0.339086879
0.11229835,0.058400252,0.477535249,0.407670917,0.042654475,0.234553776,0.275639181,0.333700833,0.317928693
0.114131568,0.027954582,0.43447737,0.379453339,0.031701523,0.231121281,0.240832033,0.288864414,0.238864212
0.112245983,0,0.400156044,0.36460186,0,0.212814645,0.227406475,0.250643137,0.202672617
0.108317636,0.03874902,0.44836191,0.435888623,0.018730218,0.288329519,0.205030438,0.269753757,0.244432085
0.10486069,0.096318854,0.585023535,0.546531638,0.090449119,0.384439359,0.218497475,0.321205427,0.333519061
0.1074272,0.070855304,0.547113893,0.513858565,0.078581271,0.371853547,0.219574879,0.306872499,0.28786182
0.121883527,0.076390788,0.564742677,0.554699938,0.074490687,0.361556064,0.314672864,0.324145523,0.286748457
0.115283894,0.045391644,0.557878371,0.526482232,0.068489503,0.360411899,0.315045781,0.304299915,0.27227173
0.115493406,0.047052341,0.532605422,0.493809031,0.063134,0.338672769,0.297517931,0.281514139,0.269487766
0.117012372,0.054248522,0.518096732,0.473017191,0.113296856,0.359267735,0.307711409,0.278574043,0.211581248
0.112612623,0.03487404,0.512168417,0.483413175,0.136332995,0.347826087,0.306758374,0.284454234,0.20044539
0.116959983,0.03874902,0.518096732,0.447027168,0.134583855,0.342105263,0.295404668,0.272326341,0.22216048
0.115964812,0.047329064,0.521528885,0.468561824,0.134825963,0.319221968,0.307462795,0.266813662,0.210467662
0.11345067,0.084417386,0.538533503,0.507175387,0.137651626,0.342105263,0.311274994,0.285556807,0.217149344
0.112979269,0.088292255,0.554914205,0.539105899,0.162329483,0.353546911,0.355073975,0.312752653,0.234409757
0.109888969,0.099917,0.563962599,0.524254548,0.161522174,0.351258581,0.380599201,0.327820642,0.247215994
0.116069568,0.101577587,0.553510211,0.510145631,0.130224221,0.335240275,0.367422191,0.317162759,0.238864212
0.109784208,0.102408005,0.544149743,0.490838914,0.129955011,0.330663616,0.319106594,0.313855152,0.25612468
0.110569888,0.092997542,0.54664589,0.449997541,0.145536807,0.329519451,0.312103785,0.282616711,0.237193666
0.110098486,0.112095218,0.556162286,0.461136085,0.167227373,0.335240275,0.311979482,0.284454234,0.212694889
0.111355547,0.12233596,0.54071759,0.445542174,0.177319142,0.327231121,0.314465667,0.279309104,0.301781643
0.114812487,0.12648769,0.559906514,0.458908402,0.181544087,0.299771167,0.329673051,0.279309104,0.298441052
0.113084025,0.107666765,0.545865812,0.443314363,0.173309209,0.304347826,0.328885735,0.285189258,0.291202689
0.112612623,0.09576527,0.539625656,0.378710777,0.150326947,0.291762014,0.337504646,0.286291757,0.28452123
0.108317636,0.102131171,0.527925188,0.375740405,0.153421823,0.28375286,0.314548557,0.280779115,0.294543502
0.107008187,0.087461948,0.475195015,0.294057658,0.139481745,0.303203661,0.307628581,0.278574043,0.281737321
0.104494024,0.044284503,0.451170147,0.28069143,0.096827103,0.300915332,0.300625709,0.22087467,0.24164812
0.105489221,0.060614424,0.458658385,0.26584008,0.111628364,0.289473684,0.317449138,0.22712241,0.254454357
0.100460942,0.052311102,0.422464827,0.25915703,0.086277887,0.273455378,0.296440593,0.214259456,0.222717162
0.100094296,0.065873267,0.460062378,0.250988602,0.103258964,0.303203661,0.279699994,0.239617816,0.25779517
0.096008799,0.057569834,0.470358853,0.262127146,0.102182442,0.274599542,0.252724508,0.208011753,0.265033311
0.095013629,0.094104683,0.493135874,0.272523258,0.129793548,0.302059497,0.267766106,0.224182314,0.285634815
0.089356799,0.073346309,0.465990694,0.258414341,0.114561777,0.254004577,0.264948421,0.215362028,0.265590271
0.088885397,0.085247666,0.483463315,0.268067763,0.121235749,0.264302059,0.263580991,0.205071657,0.277282866
0.082547669,0.072515891,0.485179399,0.276978625,0.126564149,0.252860412,0.270542446,0.158030093,0.267817498
0.054211193,0.071685584,0.501092098,0.267325202,0.147797271,0.260869565,0.269423625,0.165747881,0.288418724
0.056777718,0.045391644,0.460062378,0.265097519,0.120132453,0.260869565,0.27037666,0.134876879,0.251670448
0.056253928,0.054248522,0.4592823,0.25915703,0.115342148,0.263157895,0.295280298,0.132671844,0.254454357
0.052692227,0.041793498,0.446489913,0.254701535,0.089265013,0.256292906,0.281191731,0.136714438,0.244432085
0.052954133,0.03985605,0.411856512,0.270295574,0.073844841,0.271167048,0.326896778,0.131936783,0.247772898
0.051068521,0.037365045,0.409984515,0.270295574,0.064856366,0.291762014,0.367339362,0.141859642,0.269487766
0.049968568,0.060337701,0.427769211,0.305196331,0.080599625,0.308924485,0.406621656,0.163910284,0.30400887
0.054211193,0.03985605,0.438221598,0.324503176,0.066605674,0.265446224,0.402312171,0.141124581,0.279510094
0.056463445,0.040686468,0.455850382,0.351978193,0.061250335,0.28375286,0.431110961,0.147004772,0.305679416
0.054001676,0.06947133,0.50889241,0.372770288,0.101133024,0.296338673,0.446691261,0.19661892,0.334632424
0.05751101,0.083310245,0.487207558,0.376483094,0.10732261,0.289473684,0.456097485,0.202499074,0.323496789
0.063324963,0.101854448,0.482995327,0.365344549,0.147716621,0.26201373,0.448141582,0.199926527,0.330734929
0.058977587,0.092720708,0.478159165,0.386136517,0.135929424,0.273455378,0.456138901,0.234472575,0.326280697
0.058820459,0.203432035,0.490639711,0.383908833,0.244570665,0.271167048,0.433514251,0.226387349,0.342427747
0.05787765,0.198173274,0.440873689,0.379453339,0.227158914,0.272311213,0.440475706,0.281514139,0.348552247
0.058610942,0.220315512,0.407956356,0.367572233,0.230549775,0.278032037,0.429702052,0.238515243,0.346325242
0.058820459,0.22225296,0.541029665,0.382423583,0.264673387,0.276887872,0.456677604,0.228592421,0.35634757
0.058087167,0.199833999,0.528393191,0.379453339,0.244193865,0.274599542,0.459288095,0.235207636,0.344098015
0.061544113,0.191807401,0.519656888,0.369057355,0.228585295,0.288329519,0.448307306,0.270121306,0.35634757
0.06238216,0.191530539,0.520748807,0.386879078,0.2246023,0.281464531,0.459370986,0.288129354,0.360245065
0.060863194,0.172156168,0.495787948,0.367572233,0.201377927,0.251716247,0.431566768,0.283351662,0.310690329
0.060339425,0.162745677,0.489859633,0.403958111,0.182566733,0.241418764,0.440268508,0.246968017,0.309020006
0.055625398,0.165790156,0.491419789,0.415839345,0.190774834,0.225400458,0.440890101,0.213524432,0.307349739
0.055834915,0.166897297,0.474259009,0.4047008,0.193815834,0.221967963,0.470434729,0.185225976,0.285634815
0.054682595,0.185164666,0.501872176,0.421037145,0.208374819,0.2402746,0.504495976,0.205071657,0.329064606
0.053477902,0.169665135,0.501560101,0.395047378,0.1871417,0.228832952,0.463266076,0.199559015,0.316815107
0.055415881,0.193744821,0.533853503,0.42697789,0.207298299,0.245995423,0.428127486,0.19661892,0.346881979
0.055153996,0.197619718,0.540873737,0.453710346,0.219731345,0.273455378,0.389176635,0.17126056,0.351893115
0.055415881,0.188209255,0.52418096,0.403958111,0.206383404,0.255148741,0.356772906,0.200661477,0.337973293
0.057249125,0.183227217,0.476755171,0.415839345,0.221400001,0.241418764,0.344839018,0.203234134,0.341314106
0.054525466,0.173816755,0.491107714,0.398017622,0.20589902,0.225400458,0.358264643,0.216832039,0.326280697
0.055206364,0.141433747,0.476599009,0.387621639,0.17565065,0.225400458,0.358803283,0.194413775,0.321826243
0.053268385,0.159977839,0.469578775,0.392077006,0.180413854,0.221967963,0.348402608,0.191473679,0.341314106
0.050335235,0.153335215,0.429797136,0.383908833,0.187841423,0.23798627,0.326979668,0.195148835,0.329064606
0.048501996,0.15610297,0.471919009,0.387621639,0.195080591,0.249427918,0.375295265,0.220507158,0.364142615
0.048240106,0.150290653,0.480187324,0.402472989,0.198686789,0.220823799,0.392201584,0.228224872,0.376948852
0.045202174,0.140049883,0.456162222,0.374255283,0.18660344,0.228832952,0.369079709,0.22087467,0.369710488
0.045516452,0.172432891,0.455382144,0.361631744,0.187087988,0.221967963,0.342725754,0.214259456,0.321269561
0.044992678,0.163852708,0.42028074,0.363859427,0.182539959,0.209382151,0.324286224,0.192576252,0.299554638
0.039807254,0.142817611,0.391731816,0.332671348,0.161656698,0.188787185,0.30941034,0.156560082,0.217149344
0.041273827,0.131192866,0.388923579,0.305938892,0.167469484,0.186498856,0.296191917,0.158765154,0.214922117
0.036245548,0.128425139,0.382371348,0.299998403,0.157593052,0.179633867,0.26449261,0.159867727,0.228841939
0.037083595,0.100193723,0.348518009,0.268067763,0.119917116,0.148741419,0.254879188,0.124954056,0.178730467
0.036664582,0.122059237,0.351950177,0.237622373,0.099518242,0.161327231,0.269547932,0.11098864,0.202672617
0.033836167,0.089122673,0.331045387,0.218315656,0.069189061,0.149885584,0.244188487,0.080852588,0.184298563
0.034098057,0.071962334,0.347893859,0.273265819,0.072391521,0.171624714,0.255334996,0.108783495,0.195991158
0.034202813,0.099640166,0.311232532,0.233909568,0.11472324,0.167048055,0.237724255,0.098125685,0.16982178
0.037293112,0.108497044,0.311232532,0.097276658,0.118840596,0.172768879,0.215762676,0.067989744,0.16982178
0.038393044,0.125103826,0.287831596,0.119553748,0.136144597,0.147597254,0.185099232,0.063947076,0.162583417
0.03891684,0.114863056,0.257722266,0.073514447,0.13603701,0.143020595,0.176853303,0.049614147,0.175389876
0.040435785,0.067810715,0.205616243,0.072771885,0.079415519,0.11784897,0.199975115,0.031606063,0.108017768
0.039440609,0.079435349,0.221216868,0.085395552,0.099060794,0.113272311,0.193386639,0.047041564,0.11804004
0.032160078,0.101577587,0.259750425,0.103217147,0.100890749,0.109839817,0.181328449,0.039691289,0.136414317
0.033836167,0.081096074,0.233229411,0.092078603,0.084232597,0.098398169,0.146397057,0.042998896,0.099665986
0.034936099,0.076114037,0.226989021,0.059405529,0.074248415,0.084668192,0.138979856,0.045938991,0.095211531
0.034569458,0.116800505,0.248362032,0.112128137,0.102801516,0.099542334,0.141176011,0.075339909,0.126392045
0.033417143,0.093827849,0.23759757,0.102474714,0.087865567,0.086956522,0.094932266,0.062844503,0.108017768
0.03299812,0.104068619,0.227769099,0.092078603,0.078285122,0.078947368,0.095719578,0.072032302,0.099665986
0.027341305,0.110434493,0.12870515,0.054207602,0.10802233,0.088100686,0.103634007,0.070562291,0.099665986
0.025246187,0.073623032,0.076287053,0.002970245,0.061196459,0.077803204,0.047652591,0.048144063,0.047884245
0.012780227,0.057293111,0.049766038,0,0.038052734,0.036613272,0.030539075,0.020580668,0.038975559
0.009270904,0.03487404,0,0.0081683,0.039963337,0.016018307,0.028177197,0,0
0.002671281,0.035427597,0.036505523,0.042326496,0.042681414,0.022883295,0,0.019478169,0.0200446
0.000419024,0.023526129,0.097035914,0.031930512,0.026507645,0.012585812,0.018978171,0.018008085,0.013363141
0.001099942,0.027124275,0.142433778,0.016336473,0.038967629,0,0.017900829,0.034546158,0.042873109
0.00141421,0.047882649,0.167238833,0.06757383,0.04120132,0.026315789,0.078440342,0.054024254,0.047884245
0,0.098809859,0.15288618,0.115840942,0.106972749,0.041189931,0.131189673,0.066887171,0.089643713
0.006337738,0.103238312,0.107176336,0.080197624,0.157942914,0.02173913,0.123523796,0.065049648,0.047327341
0.01566101,0.12648769,0.07940724,0.086138114,0.259398861,0.028604119,0.162060252,0.078280004,0.028396327
0.015608642,0.173816755,0.10889242,0.111385575,0.225355897,0.065217391,0.220735108,0.112091102,0.08240535