TXN,STM,XRX,SLAB,ROK,MXIM,MU,IBM,ENTG,CSCO,AAPL
0.98355933,0.957011261,0.468847937,0.929261581,0.914431082,0.932086138,0.989623129,0.484243393,0.914864331,0.861090312,0.942956828
0.995478812,0.952917096,0.476991664,0.928398865,0.923311664,0.923952711,0.984161606,0.476599009,0.949378829,0.854368879,0.973573879
0.963625072,0.960081834,0.567477519,0.931849469,0.923959287,0.927206147,0.961769498,0.488455639,0.94477685,0.857356257,0.981722854
0.967529758,0.929375592,0.576526105,0.943064116,0.898057316,0.938186219,0.926815948,0.506240336,0.930971005,0.861836989,0.995809081
0.968968311,0.994882242,0.585574781,0.98792262,0.93478258,1,0.942927362,0.526053191,0.986194247,0.895444228,1
0.967118804,0.981064433,0.514995723,0.9836093,1,0.974786379,0.939104342,0.522621038,0.988495167,0.887976118,0.983352656
0.969379408,1,0.559333792,0.994823948,0.962997224,0.978039815,0.919989077,0.514664563,1,0.888722795,0.976833472
0.997944945,0.989764535,0.557523985,0.9836093,0.977335828,0.923546123,0.932550492,0.526209119,0.981592406,0.893203825,0.956460948
0.997122914,0.958546471,0.595528135,0.966356023,0.985106374,0.878405785,0.949754233,0.553822286,0.95398067,0.873786203,0.905355027
1,0.94882293,0.668821768,0.978433403,0.947548584,0.877999197,0.950846559,0.564430602,0.946157384,0.904406064,0.891152444
0.988491615,0.938075694,0.670631304,1,0.999907539,0.886539212,0.948935035,0.564898605,0.99769908,0.869305471,0.916181476
0.964036169,0.937052101,0.663392526,0.974120084,0.872062885,0.879219164,0.87629716,0.569578839,0.967786423,0.861090312,0.889173423
0.954993773,0.923746166,0.68601399,0.982746723,0.888529111,0.867425712,0.854451065,0.55897029,0.976990335,0.890216447,0.846449353
0.961981114,0.91299893,0.701396586,0.966356023,0.88159109,0.864985615,0.847624194,0.557722442,0.963184582,0.878267233,0.780791629
0.949034053,0.801432917,0.923086751,0.943064116,0.872710498,0.842212254,0.860185718,0.556162286,0.875747854,0.880507635,0.769150187
0.978627189,0.812180153,0.954757072,0.888716276,0.887603986,0.878405785,0.874931677,0.59329185,0.887252687,0.901418984,0.777182806
0.950883703,0.791709223,0.939374296,0.881815068,0.878260831,0.864579027,0.873839459,0.65054611,0.878048821,0.88424169,0.766356171
0.944101911,0.751279388,0.948423062,0.885265672,0.885938926,0.868239051,0.872200983,0.689859746,0.878048821,0.876773581,0.76728751
0.956843424,0.742579286,0.923086751,0.880952353,0.866882515,0.786905182,0.867012589,0.671606812,0.880349833,0.839432287,0.764144274
0.952116687,0.748720586,0.89956061,0.884402956,0.853283986,0.777145036,0.87629716,0.650234035,0.894155586,0.824495695,0.808148914
0.930949425,0.758955949,0.891416883,0.883540379,0.865309915,0.777551828,0.84188965,0.447581832,0.868845001,0.828229749,0.816414408
0.895396547,0.760491261,0.922182074,0.87318843,0.866605013,0.762911691,0.871927963,0.452106154,0.868845001,0.823749018,0.809546004
0.894985594,0.754350013,0.914943024,0.879227059,0.861702154,0.756811569,0.842162807,0.456318385,0.855039156,0.818521237,0.775902235
0.912248171,0.748720586,0.887797358,0.871462998,0.84893615,0.748271554,0.847078154,0.455226232,0.838932344,0.802837669,0.764377149
0.911426264,0.756397095,0.890512205,0.855072437,0.84199813,0.749084933,0.875204833,0.464430538,0.825126591,0.827483073,0.770779977
0.898273633,0.743091057,0.887797358,0.817977856,0.832654975,0.741764885,0.885308575,0.478159165,0.804417846,0.824495695,0.763212935
0.87833954,0.73797335,0.878748953,0.809351218,0.837557834,0.734851547,0.857454915,0.460842456,0.818223692,0.840178963,0.762514472
0.88347723,0.741555745,0.906799297,0.802449889,0.828677112,0.725091442,0.822228236,0.446645842,0.822825671,0.839432287,0.756228175
0.873407234,0.740532152,0.916752832,0.795548682,0.830527223,0.721024789,0.814036019,0.450390069,0.809019826,0.827483073,0.757275858
0.856966728,0.752814752,0.901370417,0.793823251,0.829047214,0.71899132,0.819224495,0.446645842,0.832029491,0.81628061,0.735040668
0.852239971,0.751279388,0.923086751,0.791235363,0.814708611,0.705977901,0.841343501,0.451326076,0.834330503,0.846900396,0.74668211
0.847924332,0.747185223,0.95566175,0.767943335,0.813783486,0.698657853,0.83151278,0.449454079,0.836631424,0.839432287,0.738882367
0.834566317,0.725690853,0.940279335,0.741200842,0.790749351,0.690117837,0.812943801,0.424805061,0.818223692,0.830470451,0.742491179
0.823263481,0.71596721,0.991856273,0.762767438,0.782053671,0.688084531,0.775532469,0.433853455,0.797514993,0.809559102,0.732712415
0.817303761,0.709826013,1,0.768806051,0.782608694,0.67629108,0.751774986,0.433853455,0.795214026,0.819267988,0.74377175
0.817098192,0.682190344,0.978283214,0.723084831,0.779370895,0.651484209,0.672310213,0.447893923,0.749194696,0.840178963,0.731082613
0.817303761,0.684237478,0.936659811,0.704968977,0.785753893,0.649044315,0.691152348,0.437129445,0.753796675,0.837191884,0.700931324
0.80004104,0.736437987,0.925801598,0.745514161,0.784643856,0.658397669,0.723921354,0.425585139,0.772204361,0.811052829,0.71653081
0.777229675,0.729273248,0.907704337,0.733436781,0.782608694,0.638064202,0.719552157,0.427613064,0.760699529,0.761015644,0.733992973
0.773119585,0.731320382,0.903180134,0.741200842,0.784921367,0.638470831,0.721190634,0.437285607,0.753796675,0.753547162,0.765192132
0.788943609,0.749744025,0.863366177,0.740338109,0.780758583,0.667751064,0.720644484,0.414040584,0.77680634,0.745332376,0.79615824
0.743321044,0.734902726,0.84979348,0.724810142,0.762534706,0.673444394,0.706444566,0.416536746,0.763000495,0.747572704,0.795459777
0.738799856,0.713920178,0.881463348,0.716183503,0.74930614,0.661244355,0.685144784,0.420748977,0.749194696,0.741598022,0.809546004
0.758939519,0.704708255,0.896846125,0.710144874,0.734690025,0.653110927,0.683233261,0.431981208,0.749194696,0.722927375,0.790919626
0.74517053,0.690890446,0.888702398,0.694616907,0.713783503,0.654737645,0.683506281,0.439001676,0.742291843,0.722180624,0.806868344
0.71845448,0.685260917,0.895941085,0.670462422,0.706660432,0.646604217,0.675314063,0.435413377,0.733087931,0.739357619,0.820954571
0.686600904,0.706755286,0.828981733,0.673913026,0.704070247,0.641724226,0.652102649,0.421372908,0.712379186,0.722927375,0.828405082
0.674475873,0.687819822,0.783738624,0.622153194,0.659389386,0.615290678,0.625068296,0.383775341,0.661758015,0.669902813,0.794994201
0.678380559,0.690890446,0.812694098,0.650621136,0.645975908,0.635217557,0.63435284,0.390795576,0.716981165,0.690813937,0.825611078
0.664611591,0.654042955,0.83712555,0.67305031,0.643755825,0.643350944,0.619606772,0.405148353,0.703175366,0.699029096,0.83317812
0.64734887,0.641248688,0.834410703,0.675638319,0.653839053,0.638470831,0.614691425,0.392979647,0.675563768,0.68035845,0.835157142
0.660090403,0.625895516,0.874224661,0.685990268,0.662627185,0.660837767,0.629164336,0.409204437,0.68476768,0.73114246,0.858090795
0.661528956,0.624360306,0.847983672,0.672187733,0.659851949,0.647417597,0.61196065,0.392823735,0.661758015,0.724421027,0.857508688
0.657007748,0.600306981,0.850698157,0.656659749,0.646530922,0.60268401,0.602130011,0.385491426,0.657156036,0.707990932,0.84994182
0.671187834,0.602865885,0.845269277,0.629917117,0.62580946,0.569743752,0.598580011,0.394539803,0.627243517,0.669902813,0.844819562
0.676942026,0.61361307,0.851603197,0.640269187,0.618316416,0.585603816,0.587657018,0.384711348,0.618039605,0.674383843,0.82805585
0.666461097,0.606960051,0.847078632,0.630779833,0.618686389,0.581537204,0.566084134,0.403900272,0.613437672,0.666915584,0.809313128
0.640156145,0.598771771,0.828076693,0.625603798,0.623496787,0.60715725,0.564172556,0.391419725,0.618039605,0.651978991,0.802444712
0.634607501,0.604401146,0.809074754,0.635955868,0.622386611,0.572997188,0.570453332,0.378939179,0.613437672,0.628080563,0.810710043
0.639128689,0.59979521,0.778309563,0.623878487,0.651618831,0.555103615,0.570453332,0.361310411,0.611136706,0.654219469,0.80838179
0.644677333,0.583930369,0.753878382,0.610075952,0.626549534,0.527450099,0.546149618,0.350702096,0.58812704,0.610156742,0.778463376
0.637279038,0.580859745,0.773785361,0.62905454,0.635060154,0.533956809,0.568541753,0.340873625,0.585826028,0.587005215,0.781839313
0.634401952,0.580859745,0.809979613,0.631642548,0.633949978,0.538836963,0.547788121,0.356474249,0.569719354,0.637042549,0.786030244
0.616728278,0.603889478,0.860651692,0.670462422,0.659574437,0.60797063,0.577007127,0.384555419,0.615738685,0.734129838,0.822002254
0.61837238,0.594677605,0.84888844,0.664423672,0.660406963,0.593330655,0.549426543,0.37784726,0.615738685,0.715459191,0.829569296
0.622071537,0.594677605,0.835315743,0.665286387,0.658926963,0.597803896,0.537411251,0.381747416,0.627243517,0.696788544,0.809196772
0.669543732,0.582395108,0.7927873,0.648895826,0.637650339,0.555103615,0.503823048,0.374258945,0.613437672,0.669155912,0.781606437
0.659062803,0.57727735,0.772880502,0.641131765,0.642738248,0.535176939,0.489623157,0.374258945,0.58812704,0.63405517,0.75646105
0.661118002,0.608495312,0.850698157,0.684264958,0.674468054,0.56445701,0.519388312,0.373167026,0.627243517,0.68035845,0.823282824
0.637279038,0.611054216,0.851603197,0.678226345,0.674098091,0.591297187,0.526488258,0.378471192,0.634146371,0.684092504,0.811874257
0.626387176,0.618219006,0.869700096,0.66701168,0.676133253,0.610817274,0.519661387,0.399688041,0.64795217,0.696788544,0.797089579
0.665844595,0.605424739,0.84345947,0.657522464,0.667622495,0.568117034,0.501365374,0.426053142,0.624942505,0.693801166,0.7689173
0.669338183,0.620777911,0.832600896,0.674775741,0.673450478,0.578690518,0.498907701,0.422620974,0.645651203,0.675877345,0.759371411
0.663583991,0.610030675,0.873319621,0.686852984,0.670582781,0.602277259,0.520753659,0.41497659,0.652554103,0.672890116,0.777648382
0.648376469,0.597748178,0.865175894,0.711007606,0.655319192,0.60715725,0.512834517,0.428237214,0.700874353,0.682598852,0.695110602
0.646937937,0.594165783,0.703206303,0.658385042,0.668825131,0.597803896,0.506826898,0.418408743,0.691670533,0.66766241,0.679743817
0.645910337,0.589048076,0.681489698,0.659247775,0.663644761,0.599023985,0.538503577,0.412480428,0.707777345,0.672890116,0.688707774
0.654130662,0.576765579,0.695062576,0.678226345,0.668270108,0.603497389,0.564718733,0.424649133,0.714680199,0.676624245,0.70104768
0.64734887,0.604401146,0.686918849,0.694616907,0.64801107,0.587637162,0.552976488,0.42917322,0.680165701,0.683345678,0.734807967
0.633579901,0.585977503,0.735781301,0.562629439,0.650971357,0.56445701,0.555434189,0.442121754,0.670961835,0.717699594,0.726426105
0.63892314,0.586489274,0.693252768,0.575569397,0.658926963,0.560390357,0.603768433,0.439001676,0.677864688,0.698282271,0.718859063
0.670982285,0.573183236,0.59281365,0.579020001,0.669287694,0.583977098,0.613052922,0.45600631,0.680165701,0.696788544,0.697671731
0.647554418,0.577789172,0.589194125,0.596273278,0.685476408,0.695404579,0.612779902,0.465054703,0.682466667,0.698282271,0.698486539
0.63789554,0.563459541,0.586479459,0.585058614,0.690194206,0.665717758,0.607864555,0.463026544,0.680165701,0.701269499,0.706402813
0.653925113,0.545035796,0.57924059,0.55227737,0.673080506,0.658804298,0.610049153,0.563962599,0.650253182,0.67214329,0.695459834
0.674270469,0.54810642,0.583764973,0.548826766,0.680573549,0.658804298,0.605133779,0.548517902,0.637827917,0.671396464,0.689406237
0.663378607,0.554759439,0.590098983,0.554865378,0.690194206,0.665310967,0.607045358,0.567706826,0.620340526,0.665421857,0.683352629
0.663378607,0.539406318,0.573811529,0.553140085,0.674838027,0.647824185,0.589022365,0.558190446,0.599631873,0.654219469,0.668568126
0.653103226,0.542476943,0.555714449,0.560904008,0.675300589,0.649044315,0.597760814,0.559282364,0.58812704,0.646004384,0.644936009
0.660090403,0.522517885,0.543046338,0.548826766,0.660777074,0.62708413,0.595576215,0.551326124,0.560515442,0.640776603,0.642491237
0.630086313,0.520470802,0.541236531,0.541062843,0.665679923,0.621797387,0.571818678,0.554914205,0.521399012,0.632561519,0.637019747
0.629675216,0.506141223,0.532188126,0.547101473,0.663274659,0.610004098,0.563626461,0.547425968,0.526000945,0.626586912,0.62677522
0.599260173,0.486693936,0.493279118,0.516908238,0.648103521,0.577470429,0.560895685,0.53837759,0.509894179,0.613143971,0.609895163
0.593916934,0.483111541,0.502327794,0.528985463,0.654579118,0.578690518,0.572091753,0.558814361,0.509894179,0.64227033,0.625727525
0.587751788,0.464176025,0.538522046,0.52294685,0.648566084,0.546970228,0.534680475,0.588611616,0.500690359,0.658700424,0.61885912
0.554459515,0.46775842,0.527663743,0.541925421,0.640425575,0.575843873,0.554341917,0.561310524,0.500690359,0.656459872,0.624912717
0.555487115,0.466734879,0.562953317,0.540200127,0.611378396,0.557136962,0.598306909,0.565990758,0.5052922,0.664675031,0.620954498
0.545211734,0.48925279,0.578335913,0.556590689,0.627197009,0.581943792,0.619333752,0.584555532,0.567418342,0.714712515,0.645983704
0.555898048,0.465199567,0.550285207,0.527260169,0.616466167,0.568930413,0.603495358,0.575663067,0.523700024,0.690813937,0.621536605
0.555281566,0.476458522,0.569287327,0.543650731,0.634875103,0.611630654,0.626433643,0.583151304,0.553612543,0.726661729,0.645867348
0.579120366,0.497441121,0.501422935,0.572981389,0.642553188,0.617323984,0.605406881,0.565678683,0.567418342,0.715459191,0.651222318
0.556309001,0.498976433,0.458894402,0.575569397,0.627197009,0.610410686,0.609776051,0.570202755,0.572020275,0.69753537,0.643655451
0.584258056,0.517400178,0.450750675,0.579020001,0.623404187,0.620984008,0.613052922,0.560686358,0.576622208,0.696788544,0.64644928
0.610357604,0.505117681,0.491469401,0.58333332,0.642183086,0.605937283,0.580830147,0.578783145,0.583525107,0.69753537,0.63643764
0.599465721,0.531729758,0.533092985,0.605762633,0.659851949,0.640504299,0.590933943,0.57706706,0.601932839,0.707990932,0.65192077
0.61220709,0.510747159,0.506851996,0.58333332,0.660129451,0.630744154,0.554341917,0.585491538,0.59733086,0.681105126,0.604540193
0.610152055,0.504605911,0.442607129,0.590234666,0.637095316,0.655551024,0.5734571,0.567394751,0.59502994,0.677371071,0.628055778
0.648170921,0.520982573,0.436272938,0.619565168,0.620999062,0.662057693,0.587110841,0.560998449,0.618039605,0.678864723,0.638183961
0.612823592,0.547082879,0.465228593,0.647170394,0.631637305,0.666937685,0.600218487,0.567862755,0.636447337,0.686333057,0.65483113
0.620632984,0.534800382,0.483325674,0.656659749,0.63432008,0.649857654,0.590933943,0.582371226,0.636447337,0.652725817,0.641210666
0.622277086,0.578300943,0.439892463,0.655797033,0.641998174,0.664497791,0.574549427,0.565522755,0.677864688,0.661687803,0.682654178
0.639334094,0.619242548,0.461609068,0.704106261,0.622756713,0.759251667,0.625068296,0.534321506,0.716981165,0.679611624,0.752619351
0.640567242,0.598771771,0.476086805,0.661835784,0.599352466,0.743391562,0.626433643,0.516848651,0.705476333,0.679611624,0.757042982
0.637484607,0.569600841,0.461609068,0.651483714,0.619889016,0.724278062,0.601037684,0.538533503,0.698573433,0.675877345,0.746332879
0.7081791,0.577789172,0.4543702,0.648895826,0.642275686,0.722651344,0.591206963,0.539157668,0.689369521,0.690813937,0.740279282
0.678380559,0.589559847,0.490564542,0.671325,0.644403299,0.71899132,0.591206963,0.533541428,0.682466667,0.707244106,0.757974321
0.664611591,0.568577248,0.497803411,0.666149103,0.632192457,0.70679128,0.578918624,0.543213737,0.652554103,0.695294892,0.7315482
0.657829799,0.574718446,0.486945198,0.653209145,0.610453271,0.693777861,0.579191699,0.542589821,0.627243517,0.673637017,0.726658818
0.65248656,0.579324382,0.490564542,0.647170394,0.616558766,0.689711249,0.577280202,0.528549119,0.604233852,0.68483933,0.737252565
0.649609474,0.576253809,0.461609068,0.64803311,0.615633641,0.689711249,0.551611141,0.540405734,0.592729019,0.671396464,0.736554114
0.670160234,0.573183236,0.457989544,0.635955868,0.61544859,0.691337967,0.542599672,0.551482052,0.601932839,0.666915584,0.739580819
0.659473901,0.56908907,0.468847937,0.630779833,0.603885223,0.668564403,0.53058438,0.54071759,0.611136706,0.670649638,0.733410866
0.642005795,0.556294803,0.443511807,0.635955868,0.609250635,0.654737645,0.51146917,0.533229353,0.606534773,0.690813937,0.738766011
0.635224003,0.564994905,0.4543702,0.637681178,0.607955547,0.648637564,0.505188394,0.542745734,0.608835693,0.678117897,0.740977908
0.620016482,0.569600841,0.461609068,0.621290479,0.597872327,0.655144233,0.498634626,0.532449275,0.565117375,0.649738439,0.730151286
0.612618187,0.559877146,0.457989544,0.604037201,0.568825149,0.638877581,0.489350082,0.513728573,0.581224187,0.662434479,0.724097677
0.626592725,0.55527121,0.418175858,0.586783924,0.564384853,0.600650541,0.47624249,0.516068573,0.558214522,0.844660068,0.697438856
0.625154172,0.609518904,0.512281057,0.680814371,0.599167415,0.658804298,0.531403605,0.55897029,0.629544438,0.880507635,0.758207196
0.603164858,0.596212815,0.515900582,0.671325,0.603977813,0.653924306,0.526215183,0.525116966,0.606534773,0.875279929,0.760884682
0.591861878,0.582906777,0.47970633,0.636818445,0.582516139,0.621797387,0.528945931,0.507332254,0.592729019,0.817027585,0.765541363
0.665639046,0.578300943,0.490564542,0.632505126,0.593339432,0.609190719,0.531676707,0.511700414,0.611136706,0.830470451,0.740512158
0.650842622,0.594677605,0.497803411,0.617839875,0.600462503,0.625457412,0.539595849,0.521060882,0.613437672,0.83868561,0.732479539
0.633168948,0.580347974,0.476086805,0.605762633,0.595744705,0.616510808,0.525669006,0.534477434,0.615738685,0.850634824,0.740977908
0.627209227,0.571647872,0.501422935,0.58764664,0.586494011,0.60797063,0.505188394,0.548829977,0.611136706,0.879760959,0.729569179
0.629058714,0.586489274,0.486945198,0.58764664,0.588899136,0.600650541,0.509011496,0.580343301,0.629544438,0.887229068,0.682421477
0.607685902,0.561924178,0.436272938,0.580745294,0.575115556,0.595363961,0.497815429,0.642745798,0.636447337,0.8715458,0.654132679
0.607891451,0.561924178,0.447131331,0.578157285,0.571785297,0.575437082,0.503549973,0.636193567,0.643350191,0.876773581,0.660302632
0.611385039,0.575742038,0.476086805,0.585921346,0.585013863,0.583163922,0.497269252,0.643525876,0.645651203,0.876026904,0.665541246
0.604603411,0.562947771,0.483325674,0.609213236,0.589916721,0.568117034,0.51146917,0.639469558,0.654855023,0.855862531,0.654714786
0.614262145,0.550153503,0.530378319,0.590234666,0.597779867,0.545343673,0.494538504,0.662090416,0.631845358,0.863330715,0.620605267
0.603575812,0.527123822,0.505042279,0.652346429,0.615541181,0.583163922,0.493446177,0.662558653,0.659457002,0.839432287,0.622235057
0.604397863,0.541453401,0.497803411,0.662698361,0.621924187,0.568523785,0.470507946,0.65850235,0.618039605,0.813293531,0.620954498
0.602137259,0.55527121,0.457989544,0.654934455,0.623589238,0.584790477,0.475969416,0.663650572,0.606534773,0.814786884,0.630849794
0.635429552,0.522006115,0.483325674,0.641131765,0.594079506,0.569743752,0.464500273,0.669266812,0.59733086,0.804331396,0.620488911
0.641800247,0.481064458,0.432653595,0.604037201,0.562997165,0.576657049,0.484980885,0.663494659,0.590428007,0.76997748,0.604540193
0.667488697,0.491811643,0.450750675,0.616977159,0.565124927,0.598210647,0.502457646,0.693447827,0.590428007,0.770724455,0.606519215
0.641183744,0.477993834,0.439892463,0.591959959,0.525901938,0.563237042,0.483342436,0.68393143,0.553612543,0.75728159,0.586030171
0.615084196,0.477993834,0.468847937,0.579020001,0.525439376,0.556323582,0.480065511,0.814352665,0.55131153,0.758774943,0.592083768
0.634607501,0.491811643,0.468847937,0.569530647,0.534597609,0.543716955,0.479792436,0.830733367,0.54210771,0.754294211,0.599417935
0.606041965,0.479529146,0.472467462,0.554865378,0.515263557,0.529890156,0.469142545,0.806240278,0.528301865,0.740104296,0.590337622
0.610974106,0.486693936,0.472467462,0.565217328,0.531914834,0.526636761,0.467777198,0.823869061,0.544408677,0.755040888,0.599068703
0.592683929,0.502558828,0.490564542,0.578157285,0.58630896,0.551850341,0.481157837,0.82262098,0.562816363,0.77744559,0.597089681
0.574599157,0.519447261,0.490564542,0.578157285,0.585753937,0.566490316,0.493719252,0.832293289,0.560515442,0.784167023,0.615017421
0.587751788,0.527635592,0.505042279,0.568668069,0.578630866,0.580723824,0.517749863,0.846957907,0.572020275,0.780432968,0.616996443
0.606864016,0.519447261,0.508661713,0.566080043,0.584181338,0.55917043,0.520480639,0.851794069,0.567418342,0.789395102,0.620721798
0.621660419,0.509211847,0.519519925,0.572118656,0.577705741,0.554290276,0.510649918,0.858502463,0.54901061,0.783420346,0.624912717
0.629880764,0.509723618,0.537617187,0.604037201,0.584921412,0.560796986,0.519661387,0.884087471,0.562816363,0.814040207,0.633643799
0.621043917,0.513817783,0.552094924,0.60662521,0.578908377,0.559577018,0.521026734,0.883775396,0.565117375,0.826736396,0.621187374
0.620632984,0.523029656,0.584669923,0.631642548,0.582608738,0.578283768,0.528126707,0.878159156,0.567418342,0.843166342,0.620721798
0.631319297,0.522006115,0.599147569,0.630779833,0.579555991,0.576657049,0.530038203,0.873791012,0.54901061,0.83868561,0.623864859
0.626387176,0.526612051,0.559333792,0.616977159,0.571137822,0.570557091,0.517203714,0.875039078,0.539806698,0.83868561,0.626076756
0.630497267,0.53326507,0.584669923,0.62474122,0.577335769,0.576657049,0.522392163,0.883931324,0.55131153,0.859596586,0.622351588
0.640361693,0.536847465,0.512281057,0.623878487,0.556151744,0.58357051,0.524303659,0.872387003,0.546709689,0.857356257,0.5883586
0.629058714,0.544524025,0.530378319,0.619565168,0.559851966,0.58926388,0.51529219,0.873323009,0.537505777,0.86407769,0.585564584
0.631524866,0.512282471,0.533997662,0.607487943,0.567530061,0.585603816,0.461769498,0.888767705,0.539806698,0.855115556,0.588824176
0.629880764,0.508188306,0.526758794,0.604899917,0.572432919,0.603497389,0.45057343,0.888143555,0.537505777,0.865571043,0.594644897
0.631113748,0.480552688,0.533997662,0.594547985,0.568177535,0.579910486,0.435827417,0.874103087,0.532903844,0.849141098,0.576251395
0.63275785,0.520982573,0.61724465,0.628191807,0.584828812,0.612443992,0.454669552,0.902496098,0.562816363,0.879013984,0.595110659
0.633168948,0.531217987,0.591908791,0.625603798,0.585198914,0.605123944,0.443473484,0.90171602,0.565117375,0.875279929,0.577997716
0.613851192,0.528147363,0.610005781,0.611801262,0.581776065,0.594550623,0.450027335,0.926521185,0.522779591,0.875279929,0.586146691
0.651664509,0.529170904,0.566572661,0.603174624,0.58963921,0.62057742,0.452211933,0.904212183,0.512195192,0.876026904,0.583469217
0.664200493,0.512282471,0.577431054,0.593685252,0.552451383,0.603090638,0.437465866,0.902808173,0.493787367,0.86706477,0.566356274
0.654130662,0.512282471,0.573811529,0.596273278,0.570952771,0.611630654,0.440742791,0.914352729,0.5052922,0.865571043,0.568800883
0.656391266,0.512794242,0.591908791,0.585921346,0.569657683,0.580723824,0.426542873,0.935725506,0.473078715,0.877520257,0.56810242
0.641389129,0.510235388,0.599147569,0.563492017,0.549953659,0.572997188,0.425723648,0.92558496,0.468476782,0.863330715,0.562747287
0.639950596,0.529682675,0.620864174,0.561766724,0.557816804,0.573403776,0.432004342,0.960998439,0.45927287,0.859596586,0.56647263
0.625770674,0.520470802,0.591908791,0.545376162,0.562904714,0.568930413,0.439104287,0.975507145,0.473078715,0.873039526,0.572526226
0.601109659,0.521494344,0.624483518,0.554002801,0.559296943,0.565270348,0.441015811,0.976911138,0.470777702,0.872292551,0.570430674
0.605425298,0.534288611,0.591908791,0.55227737,0.557631754,0.55225697,0.437192791,0.970358907,0.466175861,0.879760959,0.575552943
0.600904275,0.529170904,0.566572661,0.561766724,0.558001855,0.546563599,0.413435309,0.977847145,0.482282535,0.887229068,0.566007054
0.584258056,0.534800382,0.602766913,0.555728111,0.580480977,0.565270348,0.409339132,1,0.493787367,0.890963198,0.575669288
0.575010275,0.512794242,0.620864174,0.527260169,0.53996303,0.551443591,0.379027881,0.966770826,0.466175861,0.8715458,0.543073389
0.579531463,0.526612051,0.620864174,0.611801262,0.541443039,0.578283768,0.387766248,0.960218361,0.491486447,0.877520257,0.542374763
0.580970016,0.499488204,0.657058517,0.613526556,0.540332993,0.582350542,0.373566357,0.990639766,0.491486447,0.882001362,0.539231701
0.549527374,0.508700076,0.653439173,0.616114582,0.54338574,0.574217155,0.380120153,0.995319766,0.491486447,0.861090312,0.537718256
0.561241286,0.505117681,0.628103043,0.631642548,0.556429256,0.594143831,0.387493173,0.987519454,0.516797033,0.864824367,0.544470315
0.562268742,0.481064458,0.620864174,0.617839875,0.546716,0.594957211,0.388039323,0.973634914,0.509894179,0.867811745,0.539697278
0.560213687,0.461617172,0.620864174,0.605762633,0.547548525,0.584383889,0.37657018,0.980031217,0.500690359,0.83868561,0.528288711
0.562063337,0.472876127,0.606386437,0.598861304,0.547178562,0.581130453,0.366466412,0.991887613,0.491486447,0.828229749,0.523981435
0.558980703,0.447799363,0.631722386,0.610938529,0.552821485,0.579910486,0.367558711,0.995787769,0.493787367,0.76997748,0.525843938
0.545828216,0.437052178,0.635341911,0.604899917,0.550231309,0.56486376,0.370289487,0.971606989,0.484583547,0.731889435,0.520139736
0.541923531,0.436028637,0.555714449,0.608350521,0.54838106,0.581130453,0.391589295,0.959594446,0.473078715,0.706497206,0.499999913
0.530004048,0.429887388,0.570192186,0.604899917,0.54320069,0.582757171,0.39568539,0.948985896,0.454671029,0.67214329,0.486379448
0.529387546,0.43091093,0.555714449,0.627329229,0.53302501,0.575030494,0.406608438,0.926053197,0.420156531,0.671396464,0.489871916
0.526921414,0.445240509,0.591908791,0.622153194,0.517113807,0.585603816,0.400054588,0.909828407,0.3985274,0.654219469,0.48544811
0.519523284,0.465711337,0.486945198,0.627329229,0.524329339,0.599023985,0.410704533,0.945553977,0.394845853,0.66766241,0.479511044
0.52240037,0.461617172,0.486945198,0.616977159,0.529417248,0.573403776,0.403604588,0.904992261,0.383341021,0.656459872,0.465075586
0.535758241,0.46724665,0.515900582,0.623878487,0.527289487,0.566490316,0.410704533,0.904368329,0.392544887,0.657953599,0.450989545
0.540484977,0.46059363,0.52313945,0.574706682,0.508048025,0.561203736,0.415892982,0.885023477,0.385642033,0.647498036,0.444586717
0.541307028,0.432446242,0.486945198,0.557453405,0.509065611,0.57015034,0.414800655,0.880499156,0.355729377,0.596713877,0.447147846
0.547061221,0.40941656,0.436272938,0.48757758,0.511193363,0.55876368,0.397323894,0.884087471,0.353428456,0.613143971,0.36100115
0.534525236,0.420675516,0.443511807,0.510869608,0.523404214,0.580317074,0.39923539,0.904056254,0.360331356,0.62135913,0.364260742
0.542334484,0.427328535,0.4543702,0.530710773,0.536725232,0.568117034,0.393500792,0.927457191,0.367234209,0.632561519,0.367986003
0.527332511,0.393551669,0.447131331,0.517770815,0.556799219,0.456689715,0.381212452,0.948674055,0.362632368,0.614637698,0.367869647
0.575832326,0.355168866,0.461609068,0.529848195,0.557631754,0.467263077,0.382304724,0.942901653,0.374137201,0.611650469,0.367171102
0.578503864,0.345445223,0.439892463,0.514320211,0.456059172,0.45912965,0.362916439,0.905616176,0.364933289,0.604182135,0.344935994
0.60378136,0.329580331,0.421795201,0.486715002,0.437465323,0.433102811,0.336701229,0.829641214,0.344224544,0.579536881,0.346216564
0.589806843,0.325997936,0.439892463,0.48757758,0.442460642,0.433102811,0.338612753,0.822152977,0.330418791,0.566840841,0.345285226
0.558980703,0.324974395,0.439892463,0.479813657,0.437280272,0.400162717,0.331785882,0.763806564,0.328117871,0.557878931,0.342724097
0.531237197,0.317809605,0.468847937,0.506556288,0.436910309,0.426189514,0.348443474,0.763650636,0.337321691,0.561613135,0.345168788
0.51109739,0.315762522,0.436272938,0.504830857,0.433950013,0.406262675,0.332605134,0.780655254,0.328117871,0.558625757,0.345285226
0.493218167,0.327021478,0.47970633,0.540200127,0.455689199,0.436356248,0.344620426,0.772074864,0.362632368,0.564600364,0.334109453
0.503493547,0.315250752,0.439892463,0.507418866,0.444310753,0.395689313,0.348170371,0.78159126,0.339622703,0.562359961,0.336554144
0.505754151,0.318321376,0.461609068,0.518633531,0.452636461,0.405042708,0.361278017,0.778471182,0.362632368,0.570574971,0.342374865
0.51623508,0.309621274,0.472467462,0.507418866,0.432932437,0.412769344,0.352812671,0.743681852,0.330418791,0.587751891,0.334924354
0.513152425,0.302456484,0.450750675,0.493616331,0.421646581,0.403009402,0.348989623,0.776911026,0.323515892,0.572815448,0.333527346
0.520345171,0.284032739,0.465228593,0.494478908,0.423496692,0.366002492,0.340797406,0.806240278,0.330418791,0.576549578,0.320954658
0.508014735,0.291709299,0.505042279,0.491890899,0.41637375,0.313135355,0.34270893,0.793291728,0.337321691,0.572068623,0.305820748
0.502671496,0.288638675,0.515900582,0.50396828,0.418408922,0.337128846,0.3495358,0.802028047,0.339622703,0.566840841,0.29895225
0.498766975,0.293756382,0.421795201,0.503105547,0.423774194,0.320455403,0.354724167,0.769734864,0.323515892,0.599701255,0.300465696
0.473489457,0.312691898,0.00953739,0.484126976,0.385476331,0.318422097,0.337520481,0.751014161,0.314312026,0.575802677,0.296623997
0.485203391,0.306038879,0.007153088,0.50396828,0.389639254,0.336722217,0.347078099,0.760530558,0.321214879,0.593726498,0.307217744
0.487053042,0.302968255,0.016690478,0.494478908,0.388621669,0.334282161,0.361004943,0.75413424,0.314312026,0.590739269,0.307566976
0.474517057,0.312180127,0.059608643,0.516908238,0.400555008,0.352175734,0.375204779,0.768954786,0.330418791,0.610156742,0.313387697
0.498766975,0.309109503,0.061992946,0.505693573,0.400369957,0.3464822,0.374112507,0.762246642,0.325816858,0.598954429,0.304772972
0.496711919,0.299897631,0.076299121,0.48585227,0.396299763,0.342415588,0.37220101,0.76770672,0.323515892,0.593726498,0.302095486
0.513563543,0.303480025,0.095373902,0.491890899,0.396299763,0.343228927,0.300928454,0.771918951,0.337321691,0.590739269,0.311059362
0.503493547,0.297338777,0.128754677,0.495341641,0.396299763,0.346075612,0.302839978,0.776131182,0.339622703,0.601194757,0.309778792
0.49979441,0.291709299,0.104911292,0.503105547,0.389454203,0.338348935,0.294647733,0.761778405,0.328117871,0.615384523,0.306169968
0.499177908,0.284032739,0.104911292,0.501380254,0.390194277,0.328995581,0.292463135,0.762558483,0.318913959,0.603435309,0.298370225
0.496506371,0.27789149,0.081067726,0.510006892,0.402220207,0.345262274,0.293009312,0.782683413,0.344224544,0.606422538,0.296623997
0.486847493,0.275332637,0.073914819,0.498792227,0.396299763,0.321268742,0.285636264,0.790327579,0.328117871,0.593726498,0.289289911
0.472872955,0.280450344,0.145444974,0.519496246,0.410175804,0.333468822,0.28864006,0.78689541,0.344224544,0.603435309,0.289289911
0.48438134,0.269703159,0.145444974,0.507418866,0.413228413,0.324928806,0.285636264,0.743369778,0.318913959,0.572068623,0.267287597
0.464858179,0.273797325,0.183594534,0.526397454,0.433209949,0.342009,0.298743856,0.759282477,0.335020724,0.563853463,0.274854465
0.47924365,0.283520968,0.197900529,0.537612101,0.415171123,0.353802289,0.303113053,0.741185706,0.335020724,0.555638528,0.253550695
0.449034155,0.271750242,0.18836332,0.519496246,0.427381965,0.350955604,0.297105434,0.732293225,0.316613038,0.555638528,0.240861477
0.45437725,0.266632535,0.145444974,0.505693573,0.403977719,0.318422097,0.259421054,0.663026656,0.309710046,0.509335249,0.228288696
0.457254336,0.259467745,0.150213759,0.482401683,0.402312659,0.30500209,0.247132742,0.655070182,0.309710046,0.524271841,0.218509931
0.458692889,0.240020459,0.193131924,0.459972354,0.40758548,0.289955202,0.252048088,0.657878419,0.298205214,0.503360642,0.227706682
0.441635882,0.235414522,0.181210232,0.436680464,0.411285841,0.285888549,0.243582742,0.654758341,0.29130236,0.518297234,0.222933644
0.423962207,0.254350038,0.157366847,0.507418866,0.379093473,0.346888951,0.272255625,0.692199746,0.316613038,0.545929717,0.234924318
0.428277846,0.236438064,0.183594534,0.519496246,0.357169226,0.36640908,0.269251775,0.712636532,0.325816858,0.546676543,0.245867297
0.421907172,0.230808586,0.193131924,0.520358824,0.34939868,0.373729128,0.28481704,0.728081228,0.330418791,0.553397976,0.247147867
0.494245767,0.234902752,0.164519754,0.528122885,0.371785341,0.384709241,0.28864006,0.706552289,0.335020724,0.566094016,0.249708996
0.503904665,0.237461605,0.138292067,0.525534876,0.361979633,0.374949095,0.282632441,0.688455518,0.328117871,0.537714557,0.243189812
0.506576202,0.237461605,0.147829457,0.517770815,0.360592085,0.379422499,0.277990169,0.69921998,0.330418791,0.551157423,0.249825434
0.504521147,0.220573172,0.197900529,0.517770815,0.360592085,0.389589232,0.271163299,0.700780136,0.341923624,0.563106637,0.249010533
0.496917324,0.213920153,0.17882593,0.519496246,0.355874138,0.380235837,0.263517176,0.663650572,0.339622703,0.572815448,0.229569266
0.503904665,0.206243592,0.212206705,0.510006892,0.362812159,0.366002492,0.262697979,0.654446266,0.335020724,0.563106637,0.228288696
0.489108076,0.201637656,0.205053617,0.495341641,0.376040725,0.368035798,0.237028946,0.646489792,0.330418791,0.676624245,0.228754365
0.466913214,0.20419651,0.214591007,0.474637622,0.376965711,0.352582322,0.233205898,0.636817483,0.330418791,0.686333057,0.195227046
0.456226901,0.198567032,0.197900529,0.466011052,0.365309883,0.331435475,0.222555953,0.629641336,0.307409126,0.661687803,0.178929003
0.438142129,0.195496408,0.193131924,0.460835087,0.360592085,0.333468822,0.221463681,0.677379199,0.316613038,0.660940977,0.210593738
0.434648541,0.195496408,0.212206705,0.424603153,0.351711354,0.326148733,0.202894593,0.660998497,0.28209854,0.63405517,0.203143227
0.413892232,0.212896611,0.195516227,0.432367145,0.315633629,0.356648934,0.208629192,0.576599073,0.265991729,0.660940977,0.239115237
0.410398623,0.211361299,0.140676369,0.407349875,0.298797376,0.364375774,0.214363736,0.582215298,0.240681051,0.63405517,0.241210708
0.395807604,0.209825987,0.147829457,0.407349875,0.291489318,0.368035798,0.213544484,0.590795688,0.240681051,0.62957429,0.23364384
0.409165639,0.18986693,0.114448501,0.384920632,0.229694683,0.333875573,0.194429274,0.539469509,0.210768532,0.573562349,0.215366683
0.40998769,0.189355159,0.157366847,0.378019287,0.228862148,0.343228927,0.192790852,0.538533503,0.217671432,0.583271011,0.226891781
0.393136067,0.192425783,0.195516227,0.370255381,0.236632703,0.344042306,0.194429274,0.531981272,0.217671432,0.588498717,0.247380649
0.364159412,0.202661197,0.193131924,0.385783279,0.242645664,0.35298891,0.202621518,0.545085734,0.208467566,0.595220225,0.246216528
0.370324723,0.215455465,0.257509172,0.396997944,0.24967621,0.361529088,0.207536865,0.559126436,0.222273365,0.610156742,0.27008152
0.389642314,0.203172968,0.27419965,0.403899203,0.24116559,0.353395661,0.208629192,0.542277746,0.229176219,0.603435309,0.27217698
0.401972894,0.176049121,0.209822403,0.430641851,0.235707643,0.361122337,0.217640661,0.553822286,0.235619017,0.587751891,0.281024499
0.430949383,0.13868986,0.228897002,0.414251221,0.258001853,0.372509201,0.220644429,0.5297972,0.208927759,0.600447931,0.293946419
0.429921948,0.137666318,0.219359793,0.445307103,0.239500465,0.377795781,0.217913736,0.515288729,0.243902496,0.584764662,0.324912702
0.428483395,0.147389962,0.23605009,0.384057986,0.249213647,0.391622538,0.20480609,0.510452566,0.236999505,0.593726498,0.31792786
0.448623058,0.144319338,0.193131924,0.37715664,0.279925951,0.369662516,0.201529246,0.495787948,0.234238391,0.570574971,0.305704299
0.438142129,0.145342879,0.221744095,0.3745687,0.233857532,0.339975491,0.208629192,0.525273113,0.23607921,0.571321797,0.311059362
0.448006556,0.154042981,0.243203178,0.371118028,0.228677097,0.340382282,0.209175287,0.52121681,0.24666361,0.585511488,0.311757907
0.412864776,0.154554752,0.243203178,0.370255381,0.214986107,0.331842267,0.214363736,0.512792567,0.241601484,0.592232996,0.315832388
0.408343588,0.146878191,0.209822403,0.341787439,0.210823258,0.303375372,0.202894593,0.575975142,0.240681051,0.575802677,0.316763727
0.403000349,0.141248713,0.228897002,0.344720462,0.222664202,0.303375372,0.206717613,0.570982833,0.245743223,0.572815448,0.317694973
0.398068208,0.136642777,0.205053617,0.344030382,0.218038855,0.278161913,0.199071546,0.559594439,0.243902496,0.572068623,0.310128105
0.381011036,0.135107465,0.26466226,0.362318822,0.217761279,0.289955202,0.197160049,0.56848667,0.25080535,0.584764662,0.314318943
0.382449589,0.143807567,0.25512487,0.356107694,0.207863036,0.297682001,0.199344648,0.576286982,0.248964577,0.637042549,0.302211924
0.367653021,0.156601834,0.302811821,0.382332606,0.22488435,0.322488709,0.216821409,0.611076546,0.272434435,0.669155912,0.299301564
0.381833087,0.157113605,0.288505645,0.388543803,0.249491159,0.384709241,0.219825259,0.59001561,0.279337289,0.669155912,0.276135035
0.387998376,0.151484127,0.314733513,0.387681157,0.258464341,0.379422499,0.22310213,0.608892474,0.295904293,0.669902813,0.274156002
0.412042725,0.144831108,0.305196123,0.386300929,0.263737236,0.36640908,0.222282933,0.612012552,0.295904293,0.678117897,0.264377237
0.431360501,0.141248713,0.27419965,0.373533469,0.244773351,0.361529088,0.225013626,0.602340243,0.280257721,0.660194076,0.26379513
0.433209988,0.143807567,0.3409612,0.3745687,0.25753929,0.366815668,0.22310213,0.620280868,0.28209854,0.671396464,0.258207202
0.425811693,0.148925274,0.343345684,0.37715664,0.273912981,0.373729128,0.224467531,0.63962572,0.292222747,0.687826559,0.264377237
0.405055384,0.136131006,0.355267376,0.359558297,0.225624424,0.355835758,0.217913736,0.62808118,0.280717914,0.663181305,0.254249147
0.406494102,0.149437045,0.33142381,0.343340234,0.230989771,0.34770233,0.215182987,0.630889167,0.282558642,0.671396464,0.274854465
0.417180415,0.144319338,0.319502118,0.336611473,0.211748383,0.345262274,0.23047515,0.60717639,0.274275254,0.669902813,0.264842813
0.410193074,0.141248713,0.307580425,0.32470666,0.202220104,0.321675533,0.212998389,0.563650524,0.270133515,0.639282952,0.262398122
0.408138039,0.141760484,0.293274431,0.333160801,0.213135932,0.335908879,0.216275259,0.579251148,0.280717914,0.65944725,0.2604191
0.402178298,0.146878191,0.314733513,0.344720462,0.239130428,0.346075612,0.219279082,0.596879931,0.290381928,0.683345678,0.282654301
0.381011036,0.145342879,0.298043035,0.326086957,0.224791824,0.328588831,0.221190606,0.587831538,0.276576175,0.660940977,0.270197958
0.392519564,0.138178089,0.267046562,0.31418223,0.206382962,0.322082121,0.200983069,0.570982833,0.265991729,0.641523429,0.270430752
0.408549137,0.130501529,0.276583953,0.327812267,0.205457902,0.32289546,0.201802321,0.577535064,0.254026703,0.635548822,0.270547189
0.404438903,0.12384851,0.26466226,0.326777105,0.195744646,0.328182202,0.216275259,0.561466436,0.24666361,0.622105956,0.286146675
0.396629655,0.133060382,0.267046562,0.327467185,0.21017571,0.335502291,0.215456062,0.589859697,0.242982064,0.657206698,0.293713636
0.404027949,0.122313197,0.247971782,0.31193927,0.201850141,0.315575412,0.201256144,0.564742677,0.23193747,0.63405517,0.249476121
0.400328812,0.119242573,0.262277958,0.308661181,0.198427356,0.302155242,0.196340797,0.592199697,0.237919937,0.638536051,0.205005811
0.397451706,0.118730803,0.267046562,0.319358196,0.20342274,0.324115427,0.20726379,0.630889167,0.25586743,0.666915584,0.175785849
0.368064118,0.114636637,0.214591007,0.311249138,0.18288619,0.305815266,0.197979219,0.590327685,0.245743223,0.622852782,0.148894059
0.361076778,0.121289656,0.288505645,0.351104226,0.217206255,0.362342467,0.215456062,0.64196572,0.272894628,0.669155912,0.176717106
0.371146753,0.121289656,0.283737041,0.354382332,0.219333943,0.361529088,0.207536865,0.683151352,0.283479074,0.693054489,0.209778849
0.345047205,0.112589554,0.26466226,0.349896497,0.219888966,0.398942587,0.203440743,0.663026656,0.277496561,0.699029096,0.20209545
0.392724969,0.104912994,0.286121343,0.362318822,0.225254387,0.422122739,0.194975451,0.65054611,0.285319847,0.696041718,0.202444763
0.403000349,0.117707261,0.281352738,0.357487921,0.219241417,0.425376175,0.193336947,0.650389948,0.285780087,0.677371071,0.190803321
0.409165639,0.11719549,0.276583953,0.351276724,0.21461607,0.405856047,0.189240852,0.640093723,0.274735448,0.666915584,0.183469154
0.406905035,0.12384851,0.267046562,0.351794374,0.227752037,0.412769344,0.196067723,0.648205876,0.292222747,0.674383843,0.182305033
0.407315988,0.119242573,0.238434392,0.357832987,0.236540243,0.41032945,0.200709995,0.653198185,0.296364487,0.677371071,0.191851016
0.404027949,0.120777885,0.247971782,0.354899895,0.232562444,0.420496184,0.189787002,0.631357405,0.289921827,0.660194076,0.193248012
0.399301212,0.125383822,0.24558748,0.350414078,0.23089731,0.413582724,0.181321709,0.636193567,0.287160575,0.655713196,0.200582098
0.413070325,0.125895592,0.23605009,0.332988302,0.232099882,0.411956006,0.162479519,0.642745798,0.29268294,0.638536051,0.20593715
0.408343588,0.131013299,0.25512487,0.320910991,0.241535553,0.41602278,0.180775532,0.661622428,0.299125647,0.632561519,0.215483121
0.409782141,0.122824968,0.243203178,0.316942737,0.235152629,0.414802691,0.181048635,0.657566344,0.277496561,0.606422538,0.211525077
0.411426243,0.122824968,0.238434392,0.307798466,0.237742805,0.41683616,0.182687056,0.65819026,0.287160575,0.598207528,0.221420291
0.413070325,0.12436028,0.240818875,0.297273949,0.245883397,0.405042708,0.169579465,0.678783209,0.274275254,0.595220225,0.218160699
0.413481278,0.114636637,0.23605009,0.279675676,0.242553138,0.397722619,0.162752594,0.66443065,0.263230615,0.613143971,0.219790489
0.419029922,0.116171949,0.262277958,0.279330593,0.242460678,0.389182604,0.16193337,0.668486734,0.26000917,0.643017156,0.221653073
0.416152815,0.123336739,0.27419965,0.294168429,0.241720613,0.41683616,0.163025669,0.686895596,0.276576175,0.648244937,0.222817287
0.409782141,0.113613096,0.257509172,0.291407904,0.230434748,0.413582724,0.14664118,0.687987515,0.274275254,0.624346509,0.207683378
0.409782141,0.113613096,0.288505645,0.285886786,0.243200687,0.407076014,0.132987439,0.712636532,0.270133515,0.630321116,0.204773017
0.42026307,0.108495389,0.281352738,0.286059354,0.246068448,0.413989312,0.126706718,0.690015674,0.269213082,0.622852782,0.205587918
0.410193074,0.110030701,0.298043035,0.288992394,0.239037902,0.412769344,0.134352813,0.685179511,0.279337289,0.62957429,0.215017463
0.413481278,0.10951893,0.309964728,0.290545189,0.233672481,0.398942587,0.132714364,0.689391508,0.278877095,0.634801996,0.209895287
0.411220674,0.109007159,0.312349211,0.289337459,0.225809401,0.406262675,0.135445112,0.712168529,0.277036368,0.637042549,0.199534403
0.418618968,0.104912994,0.27419965,0.27708765,0.206475488,0.41032945,0.122064446,0.681747359,0.257708249,0.619118578,0.180791681
0.416358364,0.093654038,0.298043035,0.273636977,0.202867726,0.397315868,0.107864555,0.668018731,0.262310182,0.613143971,0.179860342
0.416563933,0.092630497,0.267046562,0.266045569,0.1879741,0.383489111,0.104860732,0.666614737,0.263690716,0.605675862,0.164610076
0.405466502,0.104401223,0.345729986,0.289510026,0.19648472,0.420902772,0.109229929,0.680187202,0.271514002,0.613890872,0.18288714
0.390464365,0.106448306,0.383879366,0.28191855,0.200462527,0.408295981,0.114145276,0.667238653,0.277036368,0.598954429,0.16146684
0.389847863,0.100818828,0.290889947,0.296411303,0.217391306,0.403822578,0.1160568,0.678939121,0.266912161,0.598207528,0.162980192
0.411015125,0.100818828,0.312349211,0.306418238,0.223866764,0.427002893,0.126433643,0.686115518,0.270593708,0.616131349,0.146798599
0.408343588,0.067041962,0.300427338,0.268461011,0.258186829,0.413582724,0.139541234,0.69063959,0.19098022,0.625093185,0.073690353
0.418208015,0.060388943,0.286121343,0.245341619,0.235430132,0.328588831,0.119060623,0.698907905,0.175793841,0.618371902,0.081490096
0.439580682,0.054247694,0.262277958,0.242063514,0.238667865,0.30947529,0.097487712,0.689859746,0.169811329,0.612397145,0.096856893
0.442663317,0.052200611,0.257509172,0.236369898,0.238020317,0.283448493,0.098853086,0.664586578,0.167970555,0.602688484,0.105820757
0.335799425,0.05117707,0.267046562,0.251897882,0.247733573,0.30500209,0.110049153,0.678783209,0.178555001,0.606422538,0.11199071
0.320797308,0.045035822,0.209822403,0.248619708,0.243015701,0.287515267,0.099945385,0.651014113,0.175793841,0.553397976,0.110943027
0.30887799,0.045547592,0.24558748,0.247929628,0.246068448,0.300121936,0.103222283,0.655382272,0.179015195,0.55265115,0.110477357
0.319975257,0.037359261,0.228897002,0.247929628,0.244495849,0.286295178,0.097487712,0.654134191,0.180855968,0.545929717,0.098253808
0.309494472,0.039918115,0.228897002,0.244996537,0.240518041,0.293208638,0.101856909,0.661934503,0.183156934,0.541448762,0.098370246
0.314632162,0.038382803,0.219359793,0.238095278,0.241535553,0.284261872,0.101856909,0.62667717,0.180395775,0.540701936,0.0760187
0.307644821,0.038382803,0.233665787,0.235507251,0.243293212,0.284261872,0.10021846,0.611388387,0.179935581,0.530246448,0.082421435
0.306822791,0.034288637,0.193131924,0.221704647,0.229232185,0.26026834,0.084107045,0.58471146,0.179015195,0.516803508,0.077299258
0.301274147,0.024564994,0.202669315,0.217391328,0.212488383,0.249695018,0.083560896,0.571138995,0.166589975,0.504107468,0.073806791
0.297985943,0.010235414,0.164519754,0.182194625,0.187234026,0.222854842,0.072091753,0.542121818,0.14358031,0.465272522,0.065192147
0.277846301,0.010747185,0.150213759,0.17149761,0.186123915,0.197234632,0.059257236,0.538533503,0.14358031,0.463778796,0.060419121
0.275174661,0.01484135,0.131138979,0.167529374,0.184551315,0.18625456,0.064172583,0.527769041,0.14219973,0.434652661,0.05413273
0.24434852,0.031218013,0.157366847,0.192028993,0.214246033,0.193574608,0.080283998,0.538221662,0.157846303,0.469753403,0.06461004
0.229757501,0.033265096,0.190747622,0.203588723,0.2043478,0.201301285,0.114691425,0.529329197,0.156465723,0.461538467,0.06123401
0.233662125,0.020982599,0.121601589,0.171325043,0.174745608,0.174867859,0.099126161,0.477535249,0.136217217,0.42942488,0.047264326
0.251335799,0.022517911,0.090605116,0.157867504,0.158464368,0.150060988,0.093664664,0.43447737,0.122871612,0.394324138,0.037834688
0.262433231,0.01432958,0.064377429,0.139579013,0.142275653,0.126067497,0.072910978,0.400156044,0.112747359,0.358476347,0.01979051
0.233662125,0.019447287,0.181210232,0.177018659,0.181683628,0.177307753,0.09967231,0.44836191,0.130694898,0.39133676,0.035622883
0.21352238,0.048618217,0.317117816,0.237405129,0.257076728,0.290768541,0.122610595,0.585023535,0.168890942,0.501120089,0.067054731
0.188861467,0.035312178,0.259893475,0.213595589,0.233672481,0.260675131,0.086291644,0.547113893,0.150023017,0.463778796,0.060651996
0.219071106,0.033265096,0.271815348,0.223602525,0.226549475,0.27246842,0.087110868,0.564742677,0.150943403,0.467513,0.064842927
0.275791163,0.028147389,0.262277958,0.216701179,0.233765007,0.254981598,0.075368651,0.557878371,0.152323983,0.469753403,0.055413289
0.250308261,0.021494369,0.257509172,0.206694244,0.221739077,0.231394857,0.072091753,0.532605422,0.147261857,0.48095594,0.058090867
0.249897246,0.019447287,0.240818875,0.222912376,0.214246033,0.257828446,0.065264883,0.518096732,0.146801663,0.474981333,0.083934881
0.249280662,0.024053223,0.290889947,0.224465171,0.211378346,0.257015067,0.067176406,0.512168417,0.144500697,0.458551089,0.079161843
0.241265886,0.020470828,0.247971782,0.226880613,0.21637373,0.268808356,0.064445658,0.518096732,0.142659924,0.481702617,0.082887104
0.250308261,0.017400204,0.278968255,0.220842,0.214708596,0.270435074,0.067995631,0.521528885,0.143120117,0.472740781,0.081490096
0.242704439,0.025076764,0.295658733,0.218253974,0.221739077,0.280195219,0.070453304,0.538533503,0.15048321,0.486930547,0.098835915
0.24702016,0.041453427,0.3409612,0.238785357,0.240610502,0.289548614,0.080557073,0.554914205,0.166589975,0.495145482,0.108381898
0.239416317,0.047082904,0.369573371,0.233954456,0.243200687,0.289955202,0.082468596,0.563962599,0.168890942,0.495145482,0.100116474
0.247225627,0.052712382,0.379110761,0.236714981,0.241443101,0.278161913,0.093937739,0.553510211,0.161988042,0.489917776,0.101164169
0.251952281,0.045035822,0.383879366,0.225327818,0.242183175,0.282228525,0.087657018,0.544149743,0.155085143,0.492158254,0.096507568
0.250719297,0.039406344,0.326655206,0.222912376,0.235430132,0.290768541,0.090114691,0.54664589,0.15324437,0.494398657,0.088242156
0.240032881,0.040429885,0.345729986,0.226535547,0.228862148,0.302561992,0.096941562,0.556162286,0.157386109,0.490664602,0.085913903
0.234484176,0.038382803,0.307580425,0.227398194,0.216743767,0.306628645,0.096395412,0.54071759,0.152784176,0.477221736,0.094528547
0.218865557,0.039918115,0.305196123,0.221014499,0.215726181,0.293615226,0.086291644,0.559906514,0.146801663,0.48842405,0.110826589
0.223592211,0.040429885,0.271815348,0.214285738,0.219981491,0.282635154,0.075095576,0.545865812,0.146801663,0.478715388,0.116530861
0.229962988,0.040941656,0.219359793,0.202726007,0.222386626,0.274095138,0.065264883,0.539625656,0.133916251,0.477221736,0.117229417
0.22030409,0.037359261,0.197900529,0.20445137,0.212950946,0.276535195,0.055707264,0.527925188,0.134376444,0.478715388,0.108032666
0.22893545,0.034800408,0.140676369,0.203071073,0.193709484,0.274095138,0.052703441,0.475195015,0.127933738,0.445108149,0.088009374
0.22379776,0.026612076,0.100142506,0.175120781,0.176318207,0.238308155,0.043145822,0.451170147,0.113207552,0.405526526,0.07089643
0.217015988,0.026100306,0.107295594,0.174430633,0.170582749,0.232208237,0.033861278,0.458658385,0.111826972,0.407766855,0.056810297
0.209823243,0.019447287,0.085836511,0.151828891,0.161887143,0.201301285,0.013926816,0.422464827,0.093879434,0.377893894,0.044935979
0.181874209,0.020470828,0.100142506,0.165631496,0.180573517,0.208621333,0.013380666,0.460062378,0.09894156,0.31441362,0.04912691
0.177764036,0.006141248,0.107295594,0.141304375,0.194357032,0.191541302,0.003003823,0.470358853,0.081454215,0.309185913,0.036670567
0.151048068,0.005629478,0.102526808,0.158212587,0.202127652,0.228548212,0.003276898,0.493135874,0.095720207,0.333084267,0.041210717
0.16707762,0.001023541,0.081067726,0.142512104,0.188251611,0.213094737,0,0.465990694,0.086976534,0.300224078,0.002095471
0.15515822,0.005117707,0.131138979,0.144755048,0.196854757,0.210654639,0.001911524,0.483463315,0.084675568,0.310679565,0
0.167283169,0.008188331,0.143060671,0.165976561,0.196022157,0.23017493,0.01474604,0.485179399,0.095720207,0.312920118,0.025262
0.148787464,0.011258955,0.193131924,0.17218769,0.19491212,0.234648131,0.014472966,0.501092098,0.103543493,0.337565372,0.035855666
0.149609515,0.008700102,0.157366847,0.153209119,0.17169286,0.208214745,0.008465319,0.460062378,0.09894156,0.298730351,0.028521592
0.159268393,0.015353121,0.18836332,0.158557652,0.180018494,0.208214745,0.011742217,0.4592823,0.096640593,0.300224078,0.027706691
0.159268393,0.01484135,0.143060671,0.154416831,0.175300621,0.201301285,0.013653741,0.446489913,0.09341924,0.2763255,0.033760206
0.144471825,0.016888433,0.181210232,0.162008325,0.169472712,0.197234632,0.012015292,0.411856512,0.110906586,0.293502645,0.044819623
0.150431566,0.027635618,0.185978837,0.176328511,0.181591103,0.216754761,0.021845986,0.409984515,0.115508519,0.324869332,0.056344627
0.138923099,0.042988739,0.228897002,0.185645297,0.189731685,0.230581518,0.028945931,0.427769211,0.116889099,0.362957451,0.038416795
0.13460746,0.046059363,0.216975309,0.170117313,0.191859373,0.202521374,0.032495904,0.438221598,0.102162913,0.371919287,0.039580927
0.150431566,0.05117707,0.271815348,0.1996204,0.198982379,0.250101606,0.056253413,0.455850382,0.112287166,0.407020029,0.052270146
0.163789499,0.064483108,0.312349211,0.185127647,0.212395922,0.281415187,0.054614965,0.50889241,0.130234705,0.457804189,0.087078035
0.147143444,0.030194471,0.267046562,0.162180823,0.214523545,0.272875171,0.05324959,0.487207558,0.124252192,0.443614646,0.16309663
0.181052158,0.022517911,0.23605009,0.148205651,0.203885238,0.277755162,0.027034407,0.482995327,0.121030839,0.427184402,0.17159493
0.206329573,0.029682701,0.591317466,0.152691538,0.207030511,0.2671818,0.03003823,0.478159165,0.120110452,0.421209795,0.178579772
0.195643259,0.028147389,0.588932983,0.138026218,0.2059204,0.235054881,0.029765156,0.490639711,0.112747359,0.427931228,0.181955802
0.187833929,0.028147389,0.596086071,0.144927546,0.211748383,0.227328245,0.032495904,0.440873689,0.112747359,0.44286782,0.195459828
0.180846671,0.033265096,0.605623461,0.133885466,0.217021269,0.209028084,0.031676679,0.407956356,0.118729872,0.434652661,0.192898792
0.184545828,0.025076764,0.610392065,0.137163554,0.225069336,0.243188309,0.036318951,0.541029665,0.120110452,0.424197173,0.199534403
0.188450432,0.025588535,0.596086071,0.143719817,0.223219225,0.236681599,0.030857455,0.528393191,0.114127939,0.402539148,0.227124563
0.175503432,0.013817809,0.588932983,0.147515572,0.219056441,0.246848333,0.022938285,0.519656888,0.114588132,0.428678054,0.253317808
0.186395397,0.021494369,0.598470373,0.142167022,0.211100835,0.267588429,0.036045877,0.520748807,0.112747359,0.427184402,0.252619357
0.185984361,0.012282497,0.584164378,0.11059349,0.187419012,0.228141421,0.016657564,0.495787948,0.09756098,0.383121601,0.23399306
0.191944102,0.018935516,0.546014817,0.101104205,0.178075857,0.235054881,0.024303659,0.489859633,0.099861947,0.381628098,0.217462154
0.190916502,0.01484135,0.546014817,0.11904763,0.173542971,0.240341664,0.031676679,0.491419789,0.091118274,0.386855879,0.213271316
0.175914468,0.008188331,0.524555735,0.117667333,0.168825163,0.2289548,0.025942108,0.474259009,0.09203866,0.380134372,0.211874308
0.163173017,0.001023541,0.565089598,0.137163554,0.174375571,0.246441582,0.024849809,0.501872176,0.102162913,0.410007407,0.240046576
0.16461155,0,0.546014817,0.128536915,0.172432934,0.224888148,0.022938285,0.501560101,0.096640593,0.37864072,0.226658905
0.149404048,0.016376662,0.550783603,0.13975158,0.177798281,0.239528285,0.033861278,0.533853503,0.100782333,0.420462895,0.241909253
0.174270448,0.01484135,0.574626988,0.155452062,0.192691907,0.238714946,0.040141999,0.540873737,0.109986199,0.461538467,0.228754365
0.160912413,0.017400204,0.588932983,0.138371283,0.194449558,0.245628244,0.024849809,0.52418096,0.117349292,0.445108149,0.217112923
0.161117961,0.01484135,0.51024974,0.143029685,0.199999956,0.235868261,0.025122884,0.476755171,0.115048326,0.444361323,0.223748545
0.165639088,0.017911975,0.51024974,0.134403047,0.185198864,0.220821373,0.024303659,0.491107714,0.111366779,0.417475666,0.201862656
0.154952672,0.012282497,0.472100179,0.114044162,0.177243258,0.195607914,0.022392135,0.476599009,0.081454215,0.402539148,0.172875488
0.174475915,0.012794268,0.462562789,0.11714977,0.174283045,0.1984546,0.025669033,0.469578775,0.088357114,0.407020029,0.178463334
0.154747205,0.013817809,0.445872311,0.125258827,0.1879741,0.187067899,0.029765156,0.429797136,0.09341924,0.397311367,0.183818386
0.136457028,0.012794268,0.479253267,0.143374751,0.197317254,0.192354641,0.051338067,0.471919009,0.102623106,0.430918606,0.190686883
0.140156186,0.020470828,0.469715877,0.135093178,0.19740978,0.18625456,0.05379574,0.480187324,0.10032214,0.424197173,0.18125735
0.138101048,0.02200614,0.493559262,0.137853702,0.19222941,0.184627842,0.043145822,0.456162222,0.092498854,0.434652661,0.181373695
0.144266358,0.029682701,0.479253267,0.119737778,0.187326551,0.183814462,0.035772802,0.455382144,0.091578467,0.424197173,0.17997678
0.146732409,0.037871032,0.453025399,0.120082861,0.155504146,0.173241141,0.031676679,0.42028074,0.076392088,0.401045422,0.181955802
0.148170962,0.02917093,0.445872311,0.123188451,0.133672499,0.150874368,0.035226652,0.391731816,0.072250348,0.384615327,0.165774208
0.138101048,0.033776866,0.453025399,0.12750177,0.137095283,0.148841062,0.043418897,0.388923579,0.079613441,0.387602705,0.141792779
0.128647719,0.038382803,0.498328048,0.151311241,0.128399613,0.158601004,0.049972693,0.382371348,0.085135761,0.399551919,0.138766062
0.120221928,0.027123847,0.419644624,0.13664599,0.123589206,0.123220811,0.036045877,0.348518009,0.075931895,0.363704128,0.126076844
0.117755857,0.027635618,0.441103707,0.136300907,0.115541148,0.122000885,0.034134353,0.351950177,0.080073635,0.380881272,0.12549483
0.127003699,0.027123847,0.371957673,0.128536915,0.117021222,0.100040699,0.03003823,0.331045387,0.071329962,0.339058874,0.124447053
0.115289786,0.032753325,0.412491536,0.134748112,0.149028614,0.135014263,0.055161114,0.347893859,0.086516341,0.345780307,0.134225911
0.100082182,0.032241554,0.431566316,0.133022819,0.13552261,0.151687706,0.063353359,0.311232532,0.087896921,0.320388227,0.147497144
0.095560995,0.040429885,0.407722932,0.132160086,0.131822388,0.138674328,0.060895685,0.311232532,0.078232861,0.325616157,0.129918543
0.115289786,0.033265096,0.360035981,0.115596957,0.135152573,0.165921093,0.057891862,0.287831596,0.071790155,0.32785656,0.121187461
0.102959268,0.031729783,0.295658733,0.099033829,0.130157263,0.141520973,0.041234298,0.257722266,0.068108609,0.322628779,0.118626332
0.102548253,0.023029682,0.219359793,0.074361642,0.105087818,0.126880876,0.029219006,0.205616243,0.059364936,0.274085097,0.073923229
0.09330039,0.024564994,0.231281485,0.061421684,0.112395875,0.128507594,0.03113053,0.221216868,0.059364936,0.291262092,0.076484369
0.0891903,0.022517911,0.2265127,0.059351308,0.104625329,0.133794174,0.031676679,0.259750425,0.054763003,0.305451784,0.07473813
0.064529367,0.019959057,0.209822403,0.060041388,0.089546726,0.1114274,0.029492081,0.233229411,0.052001843,0.28454066,0.067054731
0.070283559,0.027635618,0.193131924,0.05244998,0.0918594,0.082960506,0.025395958,0.226989021,0.046479524,0.269604217,0.050640344
0.066378956,0.035823949,0.214591007,0.06038647,0.114153535,0.110207433,0.040688149,0.248362032,0.048320297,0.307692187,0.076135044
0.053020921,0.027123847,0.159751149,0.061076619,0.082053609,0.091500684,0.043691972,0.23759757,0.047860103,0.30171758,0.066356279
0.048499815,0.02917093,0.154982364,0.054002775,0.085013831,0.091907272,0.052703441,0.227769099,0.048320297,0.292755744,0.068917408
0.070283559,0.018423745,0.119217286,0.05866116,0.088066578,0.118747449,0.051064992,0.12870515,0.04325817,0.294996147,0.090570503
0.059186128,0.007676561,0.078683424,0.042960678,0.069657716,0.108987303,0.034134353,0.076287053,0.042797977,0.248693017,0.073341122
0.065351418,0.006141248,0.01907478,0.016218115,0.033302489,0.069540499,0.012561442,0.049766038,0.026691212,0.194174803,0.042491288
0.078298356,0.006141248,0,0,0.011655828,0.051240337,0.003549973,0,0.021168892,0.162061216,0.039115258
0.054665023,0.003582395,0.045302648,0.013802674,0.026086957,0.016673443,0.009284544,0.036505523,0.020708699,0,0.04575088
0.025893917,0.005629478,0.016690478,0.03536927,0.041998095,0.015453476,0.011469143,0.097035914,0.028992178,0.010455562,0.05413273
0.01027538,0.009211873,0.085836511,0.043650826,0.043200731,0,0.016657564,0.142433778,0.007823286,0.031366687,0.054365605
0.017879141,0.024564994,0.183594534,0.057798513,0.056429223,0.021553475,0.039322774,0.167238833,0,0.028379309,0.042840519
0.016440588,0.039406344,0.162135452,0.089717042,0.054671564,0.054900362,0.045603495,0.15288618,0.019788312,0.07692314,0.072875452
0.020961796,0.03633572,0.131138979,0.090924771,0.021554071,0.065880475,0.032768979,0.107176336,0.016566959,0.044062727,0.069965092
0,0.034288637,0.061992946,0.104037296,0,0.067100401,0.028126707,0.07940724,0.001840773,0.023898428,0.048195653
0.028359988,0.057318318,0.176441446,0.13923393,0.016096189,0.112240739,0.038230475,0.10889242,0.015186379,0.07244211,0.07089643